產品編號,序號(PK),步驟,原料編號,原料名稱,單位,原料用量,產品基數,附註,
GA01C3041,GA01C3041-1,1,BA01A0101-1,糖粉,公斤,26.25,100,篩,
GA01C3041,GA01C3041-2,2,BA01B0101-1,鹽-10%,公斤,1.23,100,篩,
GA01C3041,GA01C3041-3,3,BA01B0103-1,蔗糖素-1%,公斤,2.98,100,篩,
GA01C3041,GA01C3041-4,4,FA01C3041,香料-興福-杏仁奶,公斤,5,100,細篩,
GA01C3041,GA01C3041-5,5,M001,1----------混合10分,一,,100,,
GA01C3041,GA01C3041-6,6,BA01K0101,馬鈴薯澱粉-鷹牌,公斤,11.5,100,篩,
GA01C3041,GA01C3041-7,7,BA01A0601-2,全脂奶粉-紐西蘭111243,公斤,13.07,100,,
GA01C3041,GA01C3041-8,8,BA01A0201,奶精-A-SD7,公斤,39.97,100,,
GA01C3041,GA01C3041-9,9,M101,回鍋,公斤,,100,,
GA01C3041,GA01C3041-10,10,M002,2----------混合10分,一,,100,,
GA01C3041,GA01C3041-11,11,M003,#NAME?,一,,100,,
GA01D1031,GA01D1031-1,1,BA01A0201,奶精-A-SD7,公斤,75.72,100,,
GA01D1031,GA01D1031-2,2,BA01A0103,葡萄糖,公斤,18.34,100,篩,
GA01D1031,GA01D1031-3,3,BA01B0101-1,鹽-10%,公斤,5.47,100,篩,
GA01D1031,GA01D1031-4,4,BA01B0301,二矽,公斤,0.11,100,細篩,
GA01D1031,GA01D1031-5,5,FA01D1031,香料-興福-CR1035奶精,公斤,0.36,100,細篩,
GA01D1031,GA01D1031-6,6,M101,回鍋,公斤,,100,,
GA01D1031,GA01D1031-7,7,M006,1----------混合15分,一,,100,,
GA01D1031,GA01D1031-8,8,M003,#NAME?,一,,100,,
GA05A3011,GA05A3011-1,1,BA01A0101-1,糖粉,公斤,45.52,100,篩,
GA05A3011,GA05A3011-2,2,BA01A0103,葡萄糖,公斤,0.98,100,篩,
GA05A3011,GA05A3011-3,3,BA01B0103-1,蔗糖素-1%,公斤,1.45,100,篩,
GA05A3011,GA05A3011-4,4,BA01B0101-1,鹽-10%,公斤,6.86,100,篩,
GA05A3011,GA05A3011-5,5,FA05A3011,香料-銓綿-摩卡咖啡粉,公斤,6.3,100,細篩,
GA05A3011,GA05A3011-6,6,BA01A0406,咖啡-3號,公斤,4.15,100,,
GA05A3011,GA05A3011-7,7,BA01B0301,二矽,公斤,0.33,100,細篩,
GA05A3011,GA05A3011-8,8,M001,1----------混合10分,一,,100,,
GA05A3011,GA05A3011-9,9,BA01A0504,中脂可可-DR79,公斤,4.32,100,篩,
GA05A3011,GA05A3011-10,10,BA01A0201,奶精-A-SD7,公斤,30.09,100,,
GA05A3011,GA05A3011-11,11,M101,回鍋,公斤,,100,,
GA05A3011,GA05A3011-12,12,M002,2----------混合10分,一,,100,,
GA05A3011,GA05A3011-13,13,M003,#NAME?,一,,100,,
GA05B3011,GA05B3011-1,1,BA01A0102,細砂糖,公斤,57.91,100,篩,
GA05B3011,GA05B3011-2,2,BA01A0103,葡萄糖,公斤,1.29,100,篩,
GA05B3011,GA05B3011-3,3,BA01B0101-1,鹽-10%,公斤,3.21,100,篩,
GA05B3011,GA05B3011-4,4,FA05B3011-1,香料-銓綿-奶茶粉2號,公斤,7.6,100,細篩,
GA05B3011,GA05B3011-5,5,BA01B0301,二矽,公斤,1.41,100,細篩,
GA05B3011,GA05B3011-6,6,M001,1----------混合10分,一,,100,,
GA05B3011,GA05B3011-7,7,BA01A0308,智利紅茶粉-666淺色,公斤,0.69,100,篩,
GA05B3011,GA05B3011-8,8,BA01A0309,智利紅茶粉-668深色-冷溶,公斤,0.78,100,篩,
GA05B3011,GA05B3011-9,9,BA01A0201,奶精-A-SD7,公斤,27.11,100,,
GA05B3011,GA05B3011-10,10,M101,回鍋,公斤,,100,,
GA05B3011,GA05B3011-11,11,M002,2----------混合10分,一,,100,,
GA05B3011,GA05B3011-12,12,M003,#NAME?,一,,100,,
GA05B3012,GA05B3012-1,1,BA01A0102,細砂糖,公斤,46.62,100,篩,
GA05B3012,GA05B3012-2,2,BA01A0103,葡萄糖,公斤,4.66,100,篩,
GA05B3012,GA05B3012-3,3,BA01B0101-1,鹽-10%,公斤,1.83,100,篩,
GA05B3012,GA05B3012-4,4,FA05B3012,香料-銓綿-奶茶粉-1號,公斤,0.75,100,細篩,
GA05B3012,GA05B3012-5,5,M001,1----------混合10分,一,,100,,
GA05B3012,GA05B3012-6,6,BA01A0308,智利紅茶粉-666淺色,公斤,1.89,100,篩,
GA05B3012,GA05B3012-7,7,BA01A0309,智利紅茶粉-668深色-冷溶,公斤,1.23,100,篩,
GA05B3012,GA05B3012-8,8,BA01A0201,奶精-A-SD7,公斤,43.02,100,,
GA05B3012,GA05B3012-9,9,M101,回鍋,公斤,,100,,
GA05B3012,GA05B3012-10,10,M002,2----------混合10分,一,,100,,
GA05B3012,GA05B3012-11,11,M003,#NAME?,一,,100,,
GA05C2011,GA05C2011-1,1,BA01A0102,細砂糖,公斤,9.48,100,篩,
GA05C2011,GA05C2011-2,2,BA01A0103,葡萄糖,公斤,45.5,100,篩,
GA05C2011,GA05C2011-3,3,BA01B0101,精鹽,公斤,3.42,100,篩,
GA05C2011,GA05C2011-4,4,FA05C2011,香料-1-銓綿-開心果奶蓋粉,公斤,0.4,100,細篩,
GA05C2011,GA05C2011-5,5,FA05C2011-1,香料-2-銓綿-開心果奶蓋粉,公斤,3.5,100,細篩,
GA05C2011,GA05C2011-6,6,BA01B0104-1,美香粉,公斤,0.62,100,篩,
GA05C2011,GA05C2011-7,7,BA01H0204-3,黃豆粉-佳,公斤,6.76,100,,
GA05C2011,GA05C2011-8,8,BA01B0301,二矽,公斤,0.09,100,細篩,
GA05C2011,GA05C2011-9,9,M004,1----------混合5分,一,,100,,
GA05C2011,GA05C2011-10,10,BA01A0701,麥芽精,公斤,2.08,100,手篩,
GA05C2011,GA05C2011-11,11,BA01B0301-1,二矽-1,公斤,0.51,100,手篩,
GA05C2011,GA05C2011-12,12,M005,2----------混合5分,一,,100,,
GA05C2011,GA05C2011-13,13,DA05C2011,膠類-銓綿-開心果奶蓋粉,公斤,0.78,100,,
GA05C2011,GA05C2011-14,14,BA01A0201,奶精-A-SD7,公斤,24.66,100,,
GA05C2011,GA05C2011-15,15,M002,2----------混合10分,一,,100,,
GA05C2011,GA05C2011-16,16,M003-1,#NAME?,一,,100,,
GA05C2011,GA05C2011-17,17,BA01H0122-1,開心果角,公斤,2.2,100,,
GA05C2011,GA05C2011-18,18,M101,回鍋,公斤,,100,篩,
GA05C2011,GA05C2011-19,19,M007,1----------混合3分,一,,100,,
GA05C3011,GA05C3011-1,1,BA01A0103,葡萄糖,公斤,41.16,100,篩,
GA05C3011,GA05C3011-2,2,BA01B0101-1,鹽-10%,公斤,3.62,100,篩,
GA05C3011,GA05C3011-3,3,FA05C3011,香料-銓綿-椰香粉,公斤,3,100,細篩,
GA05C3011,GA05C3011-4,4,BA01B0301,二矽,公斤,0.59,100,細篩,
GA05C3011,GA05C3011-5,5,BA01A0605-2,椰漿粉-6008,公斤,7.75,100,篩,
GA05C3011,GA05C3011-6,6,BA01A0605-1,都梁即溶椰漿粉(菲律賓),公斤,2.31,100,篩,
GA05C3011,GA05C3011-7,7,M001,1----------混合10分,一,,100,,
GA05C3011,GA05C3011-8,8,BA01A0201,奶精-A-SD7,公斤,41.57,100,,
GA05C3011,GA05C3011-9,9,M101,回鍋,公斤,,100,,
GA05C3011,GA05C3011-10,10,M002,2----------混合10分,一,,100,,
GA05C3011,GA05C3011-11,11,M003,#NAME?,一,,100,,
GA05C3011-5,GA05C3011-5-1,1,BA01A0103,葡萄糖,公斤,29.74,100,篩,
GA05C3011-5,GA05C3011-5-2,2,BA01A0108,糊精-DE10,公斤,18.53,100,,
GA05C3011-5,GA05C3011-5-3,3,BA01B0101-1,鹽-10%,公斤,2.38,100,篩,
GA05C3011-5,GA05C3011-5-4,4,FA05C3011-5,香料-銓綿-椰香粉-公司配方,公斤,0.8,100,細篩,
GA05C3011-5,GA05C3011-5-5,5,BA01B0301,二矽,公斤,0.7,100,細篩,
GA05C3011-5,GA05C3011-5-6,6,BA01A0605-2,椰漿粉-6008,公斤,12.97,100,篩,
GA05C3011-5,GA05C3011-5-7,7,BA01A0605-1,都梁即溶椰漿粉(菲律賓),公斤,6.53,100,篩,
GA05C3011-5,GA05C3011-5-8,8,M001,1----------混合10分,一,,100,,
GA05C3011-5,GA05C3011-5-9,9,BA01A0201,奶精-A-SD7,公斤,28.35,100,,
GA05C3011-5,GA05C3011-5-10,10,M101,回鍋,公斤,,100,,
GA05C3011-5,GA05C3011-5-11,11,M002,2----------混合10分,一,,100,,
GA05C3011-5,GA05C3011-5-12,12,M003,#NAME?,一,,100,,
GA05C3021,GA05C3021-1,1,BA01A0101-1,糖粉,公斤,41.08,100,篩,
GA05C3021,GA05C3021-2,2,BA01A0103,葡萄糖,公斤,1.48,100,篩,
GA05C3021,GA05C3021-3,3,BA01B0101-1,鹽-10%,公斤,0.94,100,篩,
GA05C3021,GA05C3021-4,4,BA01H0102-2,黑芝麻粉,公斤,18.16,100,篩,
GA05C3021,GA05C3021-5,5,BA01B0103-1,蔗糖素-1%,公斤,3.92,100,篩,
GA05C3021,GA05C3021-6,6,BA01B0301,二矽,公斤,0.36,100,細篩,
GA05C3021,GA05C3021-7,7,M001,1----------混合10分,一,,100,,
GA05C3021,GA05C3021-8,8,DA05C3021,膠類-銓棉-芝麻粉,公斤,2.42,100,,
GA05C3021,GA05C3021-9,9,BA01K0101,馬鈴薯澱粉-鷹牌,公斤,12.82,100,篩,
GA05C3021,GA05C3021-10,10,BA01A0201,奶精-A-SD7,公斤,18.82,100,,
GA05C3021,GA05C3021-11,11,M101,回鍋,公斤,,100,,
GA05C3021,GA05C3021-12,12,M003,#NAME?,一,,100,,
GA05C3021,GA05C3021-13,13,M002,2----------混合10分,一,,100,,
GA05C3031,GA05C3031-1,1,BA01A0101-1,糖粉,公斤,38.61,100,篩,
GA05C3031,GA05C3031-2,2,BA01B0101-1,鹽-10%,公斤,5.29,100,篩,
GA05C3031,GA05C3031-3,3,BA01B0103-1,蔗糖素-1%,公斤,2.51,100,篩,
GA05C3031,GA05C3031-4,4,FA05C3031,香料-銓綿-杏仁粉,公斤,4.4,100,細篩,
GA05C3031,GA05C3031-5,5,M001,1----------混合10分,一,,100,,
GA05C3031,GA05C3031-6,6,BA01K0101,馬鈴薯澱粉-鷹牌,公斤,10.92,100,篩,
GA05C3031,GA05C3031-7,7,BA01A0201,奶精-A-SD7,公斤,38.27,100,,
GA05C3031,GA05C3031-8,8,M101,回鍋,公斤,,100,,
GA05C3031,GA05C3031-9,9,M002,2----------混合10分,一,,100,,
GA05C3031,GA05C3031-10,10,M003,#NAME?,一,,100,,
GA05C3061,GA05C3061-1,1,BA01A0103,葡萄糖,公斤,61.89,100,篩,
GA05C3061,GA05C3061-2,2,BA01B0101-1,鹽-10%,公斤,2.79,100,篩,
GA05C3061,GA05C3061-3,3,FA05C3061,香料-銓綿-香草粉,公斤,4,100,細篩,
GA05C3061,GA05C3061-4,4,M001,1----------混合10分,一,,100,,
GA05C3061,GA05C3061-5,5,BA01A0201,奶精-A-SD7,公斤,31.32,100,,
GA05C3061,GA05C3061-6,6,M101,回鍋,公斤,,100,,
GA05C3061,GA05C3061-7,7,M002,2----------混合10分,一,,100,,
GA05C3061,GA05C3061-8,8,M003,#NAME?,一,,100,,
GA05C3071,GA05C3071-1,1,BA01A0101-1,糖粉,公斤,46.99,100,篩,
GA05C3071,GA05C3071-2,2,BA01A0103,葡萄糖,公斤,8.34,100,篩,
GA05C3071,GA05C3071-3,3,BA01B0101-1,鹽-10%,公斤,1.77,100,篩,
GA05C3071,GA05C3071-4,4,FA05C3071,香料-銓綿-麥芽巧克力,公斤,5,100,細篩,
GA05C3071,GA05C3071-5,5,M001,1----------混合10分,一,,100,,
GA05C3071,GA05C3071-6,6,BA01A0504,中脂可可-DR79,公斤,6.38,100,篩,
GA05C3071,GA05C3071-7,7,BA01A0701,麥芽精,公斤,11.86,100,,
GA05C3071,GA05C3071-8,8,DA05C3071,膠類-銓綿-麥芽巧克力,公斤,0.19,100,,
GA05C3071,GA05C3071-9,9,BA01A0201,奶精-A-SD7,公斤,19.47,100,,
GA05C3071,GA05C3071-10,10,M101,回鍋,公斤,,100,,
GA05C3071,GA05C3071-11,11,M002,2----------混合10分,一,,100,,
GA05C3071,GA05C3071-12,12,M003,#NAME?,一,,100,,
GA05C3101,GA05C3101-1,1,BA01A0101-1,糖粉,公斤,42.27,100,篩,
GA05C3101,GA05C3101-2,2,BA01A0102,細砂糖,公斤,14.12,100,篩,
GA05C3101,GA05C3101-3,3,BA01A0103,葡萄糖,公斤,7.55,100,篩,
GA05C3101,GA05C3101-4,4,BA01B0101-1,鹽-10%,公斤,1.53,100,篩,
GA05C3101,GA05C3101-5,5,FA05C3101,香料-銓綿-巧克力粉,公斤,2.85,100,細篩,
GA05C3101,GA05C3101-6,6,M001,1----------混合10分,一,,100,,
GA05C3101,GA05C3101-7,7,BA01A0504,中脂可可-DR79,公斤,9.18,100,篩,
GA05C3101,GA05C3101-8,8,BA01A0201,奶精-A-SD7,公斤,22.5,100,,
GA05C3101,GA05C3101-9,9,M101,回鍋,公斤,,100,,
GA05C3101,GA05C3101-10,10,M002,2----------混合10分,一,,100,,
GA05C3101,GA05C3101-11,11,M003,#NAME?,一,,100,,
GA05C3121,GA05C3121-1,1,BA01A0103,葡萄糖,公斤,51.31,100,篩,
GA05C3121,GA05C3121-2,2,FA05C3121,香料-銓綿-白巧克力風味粉,公斤,15,100,細篩,
GA05C3121,GA05C3121-3,3,BA01A0201,奶精-A-SD7,公斤,33.69,100,,
GA05C3121,GA05C3121-4,4,M101,回鍋,公斤,,100,,
GA05C3121,GA05C3121-5,5,M006,1----------混合15分,一,,100,,
GA05C3121,GA05C3121-6,6,M003,#NAME?,一,,100,,
GA05C3511,GA05C3511-1,1,BA01A0101-1,糖粉,公斤,24.09,100,篩,
GA05C3511,GA05C3511-2,2,BA01B0103-1,蔗糖素-1%,公斤,7.67,100,篩,
GA05C3511,GA05C3511-3,3,BA01B0101,精鹽,公斤,13.92,100,篩,
GA05C3511,GA05C3511-4,4,BA01B0101-1,鹽-10%,公斤,7.15,100,篩,
GA05C3511,GA05C3511-5,5,FA05C3511-1,香料-1-銓綿-起司奶蓋粉,公斤,0.93,100,細篩,
GA05C3511,GA05C3511-6,6,FA05C3511-2,香料-2-銓綿-起司奶蓋粉,公斤,1.87,100,細篩,
GA05C3511,GA05C3511-7,7,FA05C3511-3,香料-3-銓綿-起司奶蓋粉,公斤,0.93,100,細篩,
GA05C3511,GA05C3511-8,8,BA01B0301,二矽,公斤,0.15,100,細篩,
GA05C3511,GA05C3511-9,9,M001,1----------混合10分,一,,100,,
GA05C3511,GA05C3511-10,10,DA05C3511,膠類-銓綿-起司奶蓋粉,公斤,4.53,100,,
GA05C3511,GA05C3511-11,11,BA01A0201,奶精-A-SD7,公斤,38.76,100,,
GA05C3511,GA05C3511-12,12,M101,回鍋,公斤,,100,,
GA05C3511,GA05C3511-13,13,M002,2----------混合10分,一,,100,,
GA05C3511,GA05C3511-14,14,M003,#NAME?,一,,100,,
GA05C3521,GA05C3521-1,1,BA01A0101-1,糖粉,公斤,34.32,100,篩,
GA05C3521,GA05C3521-2,2,BA01A0103,葡萄糖,公斤,12.6,100,篩,
GA05C3521,GA05C3521-3,3,BA01B0301,二矽,公斤,0.5,100,細篩,
GA05C3521,GA05C3521-4,4,FA05C3521-1,香料-1-銓綿-烤布蕾奶蓋粉,公斤,2.56,100,細篩,
GA05C3521,GA05C3521-5,5,FA05C3521-2,香料-2-銓綿-烤布蕾奶蓋粉,公斤,6,100,細篩,
GA05C3521,GA05C3521-6,6,FA05C3521-3,香料-3-銓綿-烤布蕾奶蓋粉,公斤,2.35,100,細篩,
GA05C3521,GA05C3521-7,7,M001,1----------混合10分,一,,100,,
GA05C3521,GA05C3521-8,8,DA05C3521,膠類-銓綿-烤布蕾奶蓋粉,公斤,2.4,100,,
GA05C3521,GA05C3521-9,9,BA01A0201,奶精-A-SD7,公斤,39.27,100,,
GA05C3521,GA05C3521-10,10,M101,回鍋,公斤,,100,,
GA05C3521,GA05C3521-11,11,M002,2----------混合10分,一,,100,,
GA05C3521,GA05C3521-12,12,M003,#NAME?,一,,100,,
GA05D1051,GA05D1051-1,1,BA01A0201,奶精-A-SD7,公斤,87.11,100,,
GA05D1051,GA05D1051-2,2,BA01A0103,葡萄糖,公斤,5.34,100,篩,
GA05D1051,GA05D1051-3,3,BA01A0108,糊精-DE10,公斤,4.97,100,,
GA05D1051,GA05D1051-4,4,BA01B0101,精鹽,公斤,0.67,100,篩,
GA05D1051,GA05D1051-5,5,FA05D1051-1,香料-1-銓綿-香草奶精,公斤,0.9,100,細篩,
GA05D1051,GA05D1051-6,6,FA05D1051-2,香料-2-銓綿-香草奶精,公斤,0.9,100,細篩,
GA05D1051,GA05D1051-7,7,BA01B0301,二矽,公斤,0.11,100,篩,
GA05D1051,GA05D1051-8,8,M101,回鍋,公斤,,100,,
GA05D1051,GA05D1051-9,9,M006,1----------混合15分,一,,100,,
GA05D1051,GA05D1051-10,10,M003,#NAME?,一,,100,,
GA05D2011,GA05D2011-1,1,BA01A0103,葡萄糖,公斤,49.11,100,篩,
GA05D2011,GA05D2011-2,2,BA01A0101-1,糖粉,公斤,12.72,100,篩,
GA05D2011,GA05D2011-3,3,BA01B0101-1,鹽-10%,公斤,4.56,100,篩,
GA05D2011,GA05D2011-4,4,FA05D2011-1,香料-1-銓綿-芒果粉,公斤,1,100,細篩,
GA05D2011,GA05D2011-5,5,FA05D2011-2,香料-2-銓綿-芒果粉,公斤,4.4,100,細篩,
GA05D2011,GA05D2011-6,6,BA01B0301,二矽,公斤,1.81,100,細篩,
GA05D2011,GA05D2011-7,7,M001,1----------混合10分,一,,100,,
GA05D2011,GA05D2011-8,8,FA05D2011-3,香料-3-銓綿-芒果粉,公斤,0.96,100,細篩,
GA05D2011,GA05D2011-9,9,DA05D2011,膠類-銓綿-芒果粉,公斤,0.33,100,細篩,
GA05D2011,GA05D2011-10,10,BA01A0201,奶精-A-SD7,公斤,25.11,100,,
GA05D2011,GA05D2011-11,11,M101,回鍋,公斤,,100,,
GA05D2011,GA05D2011-12,12,M002,2----------混合10分,一,,100,,
GA05D2011,GA05D2011-13,13,M003,#NAME?,一,,100,,
GA05D2021,GA05D2021-1,1,BA01A0103,葡萄糖,公斤,41.75,100,篩,
GA05D2021,GA05D2021-2,2,BA01A0101-1,糖粉,公斤,9.01,100,篩,
GA05D2021,GA05D2021-3,3,BA01B0101-1,鹽-10%,公斤,3.15,100,篩,
GA05D2021,GA05D2021-4,4,FA05D2021-1,香料-1-銓綿-芋頭粉,公斤,2,100,細篩,
GA05D2021,GA05D2021-5,5,FA05D2021-2,香料-2-銓綿-芋頭粉,公斤,6,100,細篩,
GA05D2021,GA05D2021-6,6,FA05D2021-3,香料-3-銓綿-芋頭粉,公斤,0.7,100,細篩,
GA05D2021,GA05D2021-7,7,BA01B0301,二矽,公斤,1.79,100,細篩,
GA05D2021,GA05D2021-8,8,M001,1----------混合10分,一,,100,,
GA05D2021,GA05D2021-9,9,DA05D2021,膠類-銓綿-芋頭粉,公斤,0.53,100,,
GA05D2021,GA05D2021-10,10,BA01A0201,奶精-A-SD7,公斤,35.07,100,,
GA05D2021,GA05D2021-11,11,M101,回鍋,公斤,,100,,
GA05D2021,GA05D2021-12,12,M002,2----------混合10分,一,,100,,
GA05D2021,GA05D2021-13,13,M003,#NAME?,一,,100,,
GA05D2031,GA05D2031-1,1,BA01A0103,葡萄糖,公斤,66.22,100,篩,
GA05D2031,GA05D2031-2,2,BA01B0101-1,鹽-10%,公斤,2.82,100,篩,
GA05D2031,GA05D2031-3,3,FA05D2031-1,香料-1-銓綿-草莓粉,公斤,6.3,100,細篩,
GA05D2031,GA05D2031-4,4,FA05D2031-2,香料-2-銓綿-草莓粉,公斤,0.4,100,細篩,
GA05D2031,GA05D2031-5,5,BA01B0301,二矽,公斤,0.94,100,細篩,
GA05D2031,GA05D2031-6,6,M001,1----------混合10分,一,,100,,
GA05D2031,GA05D2031-7,7,FA05D2031-3,香料-3-銓綿-草莓粉,公斤,0.72,100,,
GA05D2031,GA05D2031-8,8,BA01A0201,奶精-A-SD7,公斤,22.6,100,,
GA05D2031,GA05D2031-9,9,M101,回鍋,公斤,,100,,
GA05D2031,GA05D2031-10,10,M002,2----------混合10分,一,,100,,
GA05D2031,GA05D2031-11,11,M003,#NAME?,一,,100,,
GA05D2051,GA05D2051-1,1,BA01A0103,葡萄糖,公斤,62.29,100,篩,
GA05D2051,GA05D2051-2,2,BA01A0101-1,糖粉,公斤,11.14,100,篩,
GA05D2051,GA05D2051-3,3,BA01B0101-1,鹽-10%,公斤,2.85,100,篩,
GA05D2051,GA05D2051-4,4,FA05D2051-1,香料-1-銓綿-哈密瓜粉,公斤,3.4,100,細篩,
GA05D2051,GA05D2051-5,5,FA05D2051-2,香料-2-銓綿-哈密瓜粉,公斤,2,100,細篩,
GA05D2051,GA05D2051-6,6,BA01B0301,二矽,公斤,0.4,100,細篩,
GA05D2051,GA05D2051-7,7,M001,1----------混合10分,一,,100,,
GA05D2051,GA05D2051-8,8,FA05D2051-3,香料-3-銓綿-哈密瓜粉,公斤,1,100,,
GA05D2051,GA05D2051-9,9,BA01A0201,奶精-A-SD7,公斤,16.92,100,,
GA05D2051,GA05D2051-10,10,M101,回鍋,公斤,,100,,
GA05D2051,GA05D2051-11,11,M002,2----------混合10分,一,,100,,
GA05D2051,GA05D2051-12,12,M003,#NAME?,一,,100,,
GA05D2061,GA05D2061-1,1,BA01A0102,細砂糖,公斤,22.14,100,篩,
GA05D2061,GA05D2061-2,2,BA01A0103,葡萄糖,公斤,42.35,100,篩,
GA05D2061,GA05D2061-3,3,BA01B0101-1,鹽-10%,公斤,3.58,100,篩,
GA05D2061,GA05D2061-4,4,BA01B0104-1,美香粉,公斤,1.43,100,篩,
GA05D2061,GA05D2061-5,5,FA05D2061,香料-銓綿-荔枝粉,公斤,12,100,細篩,
GA05D2061,GA05D2061-6,6,BA01B0301,二矽,公斤,0.96,100,細篩,
GA05D2061,GA05D2061-7,7,M001,1----------混合10分,一,,100,,
GA05D2061,GA05D2061-8,8,BA01A0201,奶精-A-SD7,公斤,17.54,100,,
GA05D2061,GA05D2061-9,9,M101,回鍋,公斤,,100,,
GA05D2061,GA05D2061-10,10,M002,2----------混合10分,一,,100,,
GA05D2061,GA05D2061-11,11,M003,#NAME?,一,,100,,
GA05D2071,GA05D2071-1,1,BA01A0103,葡萄糖,公斤,49.03,100,篩,
GA05D2071,GA05D2071-2,2,BA01A0101-1,糖粉,公斤,21.74,100,篩,
GA05D2071,GA05D2071-3,3,BA01B0101-1,鹽-10%,公斤,3.49,100,篩,
GA05D2071,GA05D2071-4,4,FA05D2071-1,香料-1-銓綿-木瓜粉,公斤,0.8,100,細篩,
GA05D2071,GA05D2071-5,5,FA05D2071-2,香料-2-銓綿-木瓜粉,公斤,3.2,100,細篩,
GA05D2071,GA05D2071-6,6,BA01B0301,二矽,公斤,0.2,100,細篩,
GA05D2071,GA05D2071-7,7,M001,1----------混合10分,一,,100,,
GA05D2071,GA05D2071-8,8,DA05D2071,膠類-銓綿-木瓜粉,公斤,0.37,100,,
GA05D2071,GA05D2071-9,9,BA01A0201,奶精-A-SD7,公斤,21.17,100,,
GA05D2071,GA05D2071-10,10,M101,回鍋,公斤,,100,,
GA05D2071,GA05D2071-11,11,M002,2----------混合10分,一,,100,,
GA05D2071,GA05D2071-12,12,M003,#NAME?,一,,100,,
GA05D2081,GA05D2081-1,1,BA01A0103,葡萄糖,公斤,55.65,100,篩,
GA05D2081,GA05D2081-2,2,BA01A0101-1,糖粉,公斤,15.33,100,篩,
GA05D2081,GA05D2081-3,3,BA01B0101-1,鹽-10%,公斤,3.24,100,篩,
GA05D2081,GA05D2081-4,4,FA05D2081-1,香料-1-銓錦-黃哈密瓜粉,公斤,3.6,100,細篩,
GA05D2081,GA05D2081-5,5,FA05D2081-2,香料-2-銓錦-黃哈密瓜粉,公斤,2,100,細篩,
GA05D2081,GA05D2081-6,6,BA01B0301,二矽,公斤,0.28,100,細篩,
GA05D2081,GA05D2081-7,7,M001,1----------混合10分,一,,100,,
GA05D2081,GA05D2081-8,8,FA05D2081-3,香料-3-銓錦-黃哈密瓜粉,公斤,1.2,100,,
GA05D2081,GA05D2081-9,9,BA01A0201,奶精-A-SD7,公斤,18.7,100,,
GA05D2081,GA05D2081-10,10,M101,回鍋,公斤,,100,,
GA05D2081,GA05D2081-11,11,M002,2----------混合10分,一,,100,,
GA05D2081,GA05D2081-12,12,M003,#NAME?,一,,100,,
GA05D2091,GA05D2091-1,1,BA01A0103,葡萄糖,公斤,44.2,100,篩,
GA05D2091,GA05D2091-2,2,BA01A0101-1,糖粉,公斤,20.32,100,篩,
GA05D2091,GA05D2091-3,3,BA01B0101-1,鹽-10%,公斤,4.06,100,篩,
GA05D2091,GA05D2091-4,4,FA05D2091-1,香料-1-銓綿-西瓜粉,公斤,6,100,細篩,
GA05D2091,GA05D2091-5,5,FA05D2091-2,香料-2-銓綿-西瓜粉,公斤,4.25,100,細篩,
GA05D2091,GA05D2091-6,6,BA01B0301,二矽,公斤,0.84,100,細篩,
GA05D2091,GA05D2091-7,7,M001,1----------混合10分,一,,100,,
GA05D2091,GA05D2091-8,8,BA01A0201,奶精-A-SD7,公斤,20.33,100,,
GA05D2091,GA05D2091-9,9,M101,回鍋,公斤,,100,,
GA05D2091,GA05D2091-10,10,M002,2----------混合10分,一,,100,,
GA05D2091,GA05D2091-11,11,M003,#NAME?,一,,100,,
GA05D2101,GA05D2101-1,1,BA01A0103,葡萄糖,公斤,33.72,100,篩,
GA05D2101,GA05D2101-2,2,BA01A0101-1,糖粉,公斤,34.32,100,篩,
GA05D2101,GA05D2101-3,3,BA01B0101-1,鹽-10%,公斤,4.75,100,篩,
GA05D2101,GA05D2101-4,4,BA01B0104-1,美香粉,公斤,0.79,100,篩,
GA05D2101,GA05D2101-5,5,FA05D2101-1,香料-1-銓綿-鳳梨粉,公斤,3,100,細篩,
GA05D2101,GA05D2101-6,6,BA01B0301,二矽,公斤,0.94,100,細篩,
GA05D2101,GA05D2101-7,7,M001,1----------混合10分,一,,100,,
GA05D2101,GA05D2101-8,8,DA05D2101,膠類-銓綿-鳳梨粉,公斤,0.17,100,,
GA05D2101,GA05D2101-9,9,BA01A0201,奶精-A-SD7,公斤,22.31,100,,
GA05D2101,GA05D2101-10,10,M101,回鍋,公斤,,100,,
GA05D2101,GA05D2101-11,11,M002,2----------混合10分,一,,100,,
GA05D2101,GA05D2101-12,12,M003,#NAME?,一,,100,,
GA05D2121,GA05D2121-1,1,BA01A0103,葡萄糖,公斤,49.3,100,篩,
GA05D2121,GA05D2121-2,2,BA01A0101-1,糖粉,公斤,12.9,100,篩,
GA05D2121,GA05D2121-3,3,BA01B0101-1,鹽-10%,公斤,5.52,100,篩,
GA05D2121,GA05D2121-4,4,FA05D2121-1,香料-1-銓綿-香蕉粉,公斤,3.6,100,細篩,
GA05D2121,GA05D2121-5,5,FA05D2121-2,香料-2-銓綿-香蕉粉,公斤,1.9,100,細篩,
GA05D2121,GA05D2121-6,6,BA01B0301,二矽,公斤,0.39,100,細篩,
GA05D2121,GA05D2121-7,7,M001,1----------混合10分,一,,100,,
GA05D2121,GA05D2121-8,8,DA05D2121,膠類-銓綿-香蕉粉,公斤,0.92,100,,
GA05D2121,GA05D2121-9,9,BA01A0201,奶精-A-SD7,公斤,25.47,100,,
GA05D2121,GA05D2121-10,10,M101,回鍋,公斤,,100,,
GA05D2121,GA05D2121-11,11,M002,2----------混合10分,一,,100,,
GA05D2121,GA05D2121-12,12,M003,#NAME?,一,,100,,
GA05D2131,GA05D2131-1,1,BA01A0101-1,糖粉,公斤,18.14,100,篩,
GA05D2131,GA05D2131-2,2,BA01A0103,葡萄糖,公斤,48.77,100,篩,
GA05D2131,GA05D2131-3,3,BA01B0101-1,鹽-10%,公斤,2.09,100,篩,
GA05D2131,GA05D2131-4,4,FA05D2131-1,香料-1-銓綿-百香果粉,公斤,9.5,100,細篩,
GA05D2131,GA05D2131-5,5,FA05D2131-2,香料-2-銓綿-百香果粉,公斤,0.8,100,細篩,
GA05D2131,GA05D2131-6,6,BA01B0301,二矽,公斤,0.54,100,細篩,
GA05D2131,GA05D2131-7,7,M001,1----------混合10分,一,,100,,
GA05D2131,GA05D2131-8,8,DA05D2131,膠類-銓綿-百香果粉,公斤,0.89,100,,
GA05D2131,GA05D2131-9,9,BA01B0303-4,無水檸檬酸 JUBU,公斤,0.25,100,篩,
GA05D2131,GA05D2131-10,10,BA01B0304,檸檬酸鈉,公斤,0.64,100,篩,
GA05D2131,GA05D2131-11,11,BA01A0201,奶精-A-SD7,公斤,18.38,100,,
GA05D2131,GA05D2131-12,12,M101,回鍋,公斤,,100,,
GA05D2131,GA05D2131-13,13,M002,2----------混合10分,一,,100,,
GA05D2131,GA05D2131-14,14,M003,#NAME?,一,,100,,
GA05D2141,GA05D2141-1,1,BA01A0101-1,糖粉,公斤,18.07,100,篩,
GA05D2141,GA05D2141-2,2,BA01A0103,葡萄糖,公斤,49.89,100,篩,
GA05D2141,GA05D2141-3,3,BA01B0101-1,鹽-10%,公斤,1.43,100,篩,
GA05D2141,GA05D2141-4,4,FA05D2141-1,香料-1-銓綿-酪梨粉,公斤,2.4,100,細篩,
GA05D2141,GA05D2141-5,5,FA05D2141-2,香料-2-銓綿-酪梨粉,公斤,6,100,細篩,
GA05D2141,GA05D2141-6,6,FA05D2141-3,香料-3-銓綿-酪梨粉,公斤,1.2,100,細篩,
GA05D2141,GA05D2141-7,7,BA01B0301,二矽,公斤,0.35,100,細篩,
GA05D2141,GA05D2141-8,8,M001,1----------混合10分,一,,100,,
GA05D2141,GA05D2141-9,9,DA05D2141,膠類-銓綿-酪梨粉,公斤,0.42,100,,
GA05D2141,GA05D2141-10,10,BA01A0201,奶精-A-SD7,公斤,20.24,100,,
GA05D2141,GA05D2141-11,11,M101,回鍋,公斤,,100,,
GA05D2141,GA05D2141-12,12,M002,2----------混合10分,一,,100,,
GA05D2141,GA05D2141-13,13,M003,#NAME?,一,,100,,
GA05D2142,GA05D2142-1,1,BA01A0101-1,糖粉,公斤,14.37,100,篩,
GA05D2142,GA05D2142-2,2,BA01A0103,葡萄糖,公斤,46.97,100,篩,
GA05D2142,GA05D2142-3,3,BA01B0101-1,鹽-10%,公斤,4.97,100,篩,
GA05D2142,GA05D2142-4,4,FA05D2142-1,香料-1-銓綿-酪梨粉(卡城),公斤,1.9,100,細篩,
GA05D2142,GA05D2142-5,5,FA05D2142-2,香料-2-銓綿-酪梨粉(卡城),公斤,5.7,100,細篩,
GA05D2142,GA05D2142-6,6,BA01B0301,二矽,公斤,0.44,100,細篩,
GA05D2142,GA05D2142-7,7,M001,1----------混合10分,一,,100,,
GA05D2142,GA05D2142-8,8,DA05D2142,膠類-銓綿-酪梨粉(卡城),公斤,0.19,100,,
GA05D2142,GA05D2142-9,9,BA01A0201,奶精-A-SD7,公斤,25.46,100,,
GA05D2142,GA05D2142-10,10,M101,回鍋,公斤,,100,,
GA05D2142,GA05D2142-11,11,M002,2----------混合10分,一,,100,,
GA05D2142,GA05D2142-12,12,M003,#NAME?,一,,100,,
GA05D2151,GA05D2151-1,1,BA01A0101-1,糖粉,公斤,23.44,100,篩,
GA05D2151,GA05D2151-2,2,BA01A0102,細砂糖,公斤,14.6,100,篩,
GA05D2151,GA05D2151-3,3,BA01A0103,葡萄糖,公斤,26.79,100,篩,
GA05D2151,GA05D2151-4,4,BA01B0101-1,鹽-10%,公斤,3.28,100,篩,
GA05D2151,GA05D2151-5,5,FA05D2151-1,香料-1-銓綿-水蜜桃粉,公斤,1.1,100,細篩,
GA05D2151,GA05D2151-6,6,FA05D2151-2,香料-2-銓綿-水蜜桃粉,公斤,6.2,100,細篩,
GA05D2151,GA05D2151-7,7,BA01B0301,二矽,公斤,1.16,100,細篩,
GA05D2151,GA05D2151-8,8,M001,1----------混合10分,一,,100,,
GA05D2151,GA05D2151-9,9,BA01B0304,檸檬酸鈉,公斤,0.09,100,篩,
GA05D2151,GA05D2151-10,10,BA01A0201,奶精-A-SD7,公斤,23.34,100,,
GA05D2151,GA05D2151-11,11,M101,回鍋,公斤,,100,,
GA05D2151,GA05D2151-12,12,M002,2----------混合10分,一,,100,,
GA05D2151,GA05D2151-13,13,M003,#NAME?,一,,100,,
GA10B3011-1,GA10B3011-1-1,1,BA01A0101-1,糖粉,公斤,42.03,100,篩,
GA10B3011-1,GA10B3011-1-2,2,BA01A0103,葡萄糖,公斤,13.04,100,篩,
GA10B3011-1,GA10B3011-1-3,3,BA01B0101-1,鹽-10%,公斤,5.99,100,篩,
GA10B3011-1,GA10B3011-1-4,4,BA01B0104-1,美香粉,公斤,1.9,100,篩,
GA10B3011-1,GA10B3011-1-5,5,FA10B3011-1-1,香料-1-雲祥-北海道奶茶,公斤,2.65,100,細篩,
GA10B3011-1,GA10B3011-1-6,6,FA10B3011-1-2,香料-2-雲祥-北海道奶茶,公斤,0.93,100,細篩,
GA10B3011-1,GA10B3011-1-7,7,FA10B3011-1-3,香料-3-雲祥-北海道奶茶,公斤,1.05,100,細篩,
GA10B3011-1,GA10B3011-1-8,8,BA01B0301,二矽,公斤,0.21,100,細篩,
GA10B3011-1,GA10B3011-1-9,9,M001,1----------混合10分,一,,100,,
GA10B3011-1,GA10B3011-1-10,10,BA01A0308,智利紅茶粉-666淺色,公斤,0.89,100,篩,
GA10B3011-1,GA10B3011-1-11,11,BA01A0309,智利紅茶粉-668深色-冷溶,公斤,1.11,100,篩,
GA10B3011-1,GA10B3011-1-12,12,BA01A0201,奶精-A-SD7,公斤,17.04,100,,
GA10B3011-1,GA10B3011-1-13,13,BA01A0601-2,全脂奶粉-紐西蘭111243,公斤,13.16,100,,
GA10B3011-1,GA10B3011-1-14,14,M101,回鍋,公斤,,100,,
GA10B3011-1,GA10B3011-1-15,15,M002,2----------混合10分,一,,100,,
GA10B3011-1,GA10B3011-1-16,16,M003,#NAME?,一,,100,,
GA10C3071-1,GA10C3071-1-1,1,BA01A0101-1,糖粉,公斤,36.82,100,篩,
GA10C3071-1,GA10C3071-1-2,2,BA01A0103,葡萄糖,公斤,13.08,100,篩,
GA10C3071-1,GA10C3071-1-3,3,BA01A0502,高脂可可-DP70,公斤,15.25,100,篩,
GA10C3071-1,GA10C3071-1-4,4,BA01A0504,中脂可可-DR79,公斤,2.82,100,篩,
GA10C3071-1,GA10C3071-1-5,5,BA01B0101-1,鹽-10%,公斤,5.34,100,篩,
GA10C3071-1,GA10C3071-1-6,6,DA10C3071-1,膠類-安立司-巧克力粉-A,公斤,1.11,100,,
GA10C3071-1,GA10C3071-1-7,7,M001,1----------混合10分,一,,100,,
GA10C3071-1,GA10C3071-1-8,8,BA01A0201,奶精-A-SD7,公斤,25.58,100,,
GA10C3071-1,GA10C3071-1-9,9,M101,回鍋,公斤,,100,,
GA10C3071-1,GA10C3071-1-10,10,M002,2----------混合10分,一,,100,,
GA10C3071-1,GA10C3071-1-11,11,M003,#NAME?,一,,100,,
GA10C3081-1,GA10C3081-1-1,1,BA01A0101-1,糖粉,公斤,30.81,100,篩,
GA10C3081-1,GA10C3081-1-2,2,BA01A0103,葡萄糖,公斤,0.84,100,篩,
GA10C3081-1,GA10C3081-1-3,3,BA01B0101-1,鹽-10%,公斤,1.22,100,篩,
GA10C3081-1,GA10C3081-1-4,4,BA01H0102-2,黑芝麻粉,公斤,26.42,100,篩,
GA10C3081-1,GA10C3081-1-5,5,BA01B0103-1,蔗糖素-1%,公斤,4.72,100,篩,
GA10C3081-1,GA10C3081-1-6,6,BA01B0301,二矽,公斤,0.21,100,細篩,
GA10C3081-1,GA10C3081-1-7,7,M001,1----------混合10分,一,,100,,
GA10C3081-1,GA10C3081-1-8,8,DA10C3081-1,膠類-雲祥-芝麻粉-A,公斤,2.18,100,,
GA10C3081-1,GA10C3081-1-9,9,BA01K0101,馬鈴薯澱粉-鷹牌,公斤,7.33,100,篩,
GA10C3081-1,GA10C3081-1-10,10,BA01A0201,奶精-A-SD7,公斤,26.27,100,,
GA10C3081-1,GA10C3081-1-11,11,M101,回鍋,公斤,,100,,
GA10C3081-1,GA10C3081-1-12,12,M002,2----------混合10分,一,,100,,
GA10C3081-1,GA10C3081-1-13,13,M003,#NAME?,一,,100,,
GA10C3811,GA10C3811-1,1,BA01A0103,葡萄糖,公斤,50.93,100,篩,
GA10C3811,GA10C3811-2,2,BA01B0101-1,鹽-10%,公斤,3.69,100,篩,
GA10C3811,GA10C3811-3,3,FA10C3811,香料-雲祥-椰子奶,公斤,2.4,100,細篩,
GA10C3811,GA10C3811-4,4,BA01A0605-1,都梁即溶椰漿粉(菲律賓),公斤,5.93,100,篩,
GA10C3811,GA10C3811-5,5,BA01B0301,二矽,公斤,0.51,100,細篩,
GA10C3811,GA10C3811-6,6,M001,1----------混合10分,一,,100,,
GA10C3811,GA10C3811-7,7,BA01A0217,素奶精-VC35,公斤,36.54,100,,
GA10C3811,GA10C3811-8,8,M101,回鍋,公斤,,100,,
GA10C3811,GA10C3811-9,9,M002,2----------混合10分,一,,100,,
GA10C3811,GA10C3811-10,10,M003,#NAME?,一,,100,,
GA10C3821,GA10C3821-1,1,BA01A0101-1,糖粉,公斤,48.76,100,篩,
GA10C3821,GA10C3821-2,2,BA01A0103,葡萄糖,公斤,15.39,100,篩,
GA10C3821,GA10C3821-3,3,BA01B0101-1,鹽-10%,公斤,2.44,100,篩,
GA10C3821,GA10C3821-4,4,FA10C3821-1,香料-1-雲祥-抹茶奶,公斤,1.2,100,細篩,
GA10C3821,GA10C3821-5,5,FA10C3821-2,香料-2-雲祥-抹茶奶,公斤,1,100,細篩,
GA10C3821,GA10C3821-6,6,BA01B0301,二矽,公斤,0.53,100,細篩,
GA10C3821,GA10C3821-7,7,M001,1----------混合10分,一,,100,,
GA10C3821,GA10C3821-8,8,BA01A0306,抹茶粉9603-1,公斤,3.83,100,,
GA10C3821,GA10C3821-9,9,DA10C3821,膠類-雲祥-抹茶奶,公斤,0.8,100,,
GA10C3821,GA10C3821-10,10,BA01A0217,素奶精-VC35,公斤,26.05,100,,
GA10C3821,GA10C3821-11,11,M101,回鍋,公斤,,100,,
GA10C3821,GA10C3821-12,12,M002,2----------混合10分,一,,100,,
GA10C3821,GA10C3821-13,13,M003,#NAME?,一,,100,,
GA10C3831,GA10C3831-1,1,BA01A0101-1,糖粉,公斤,29.66,100,篩,
GA10C3831,GA10C3831-2,2,BA01A0103,葡萄糖,公斤,8.89,100,篩,
GA10C3831,GA10C3831-3,3,BA01B0101-1,鹽-10%,公斤,3.92,100,篩,
GA10C3831,GA10C3831-4,4,FA10C3831-1,香料-1-雲祥-香草奶,公斤,1.8,100,細篩,
GA10C3831,GA10C3831-5,5,FA10C3831-2,香料-2-雲祥-香草奶,公斤,3,100,細篩,
GA10C3831,GA10C3831-6,6,BA01B0301,二矽,公斤,0.37,100,細篩,
GA10C3831,GA10C3831-7,7,M001,1----------混合10分,一,,100,,
GA10C3831,GA10C3831-8,8,FA10C3831-3,香料-3-雲祥-香草奶,公斤,1,100,細篩,
GA10C3831,GA10C3831-9,9,BA01A0217,素奶精-VC35,公斤,51.36,100,,
GA10C3831,GA10C3831-10,10,M101,回鍋,公斤,,100,,
GA10C3831,GA10C3831-11,11,M002,2----------混合10分,一,,100,,
GA10C3831,GA10C3831-12,12,M003,#NAME?,一,,100,,
GA10D2011-1,GA10D2011-1-1,1,BA01A0101-1,糖粉,公斤,23.58,100,篩,
GA10D2011-1,GA10D2011-1-2,2,BA01A0103,葡萄糖,公斤,31.83,100,篩,
GA10D2011-1,GA10D2011-1-3,3,BA01B0101-1,鹽-10%,公斤,0.37,100,篩,
GA10D2011-1,GA10D2011-1-4,4,BA01B0104-1,美香粉,公斤,2.32,100,篩,
GA10D2011-1,GA10D2011-1-5,5,FA10D2011-1-1,香料-1-安立司-草莓粉-A,公斤,9,100,細篩,
GA10D2011-1,GA10D2011-1-6,6,FA10D2011-1-2,香料-2-安立司-草莓粉-A,公斤,0.45,100,細篩,
GA10D2011-1,GA10D2011-1-7,7,BA01B0301,二矽,公斤,0.38,100,細篩,
GA10D2011-1,GA10D2011-1-8,8,M001,1----------混合10分,一,,100,,
GA10D2011-1,GA10D2011-1-9,9,FA10D2011-1-3,香料-3-安立司-草莓粉-A,公斤,0.82,100,,
GA10D2011-1,GA10D2011-1-10,10,BA01A0201,奶精-A-SD7,公斤,31.25,100,,
GA10D2011-1,GA10D2011-1-11,11,M101,回鍋,公斤,,100,,
GA10D2011-1,GA10D2011-1-12,12,M002,2----------混合10分,一,,100,,
GA10D2011-1,GA10D2011-1-13,13,M003,#NAME?,一,,100,,
GA10D2031-1,GA10D2031-1-1,1,BA01A0101-1,糖粉,公斤,34.79,100,篩,
GA10D2031-1,GA10D2031-1-2,2,BA01A0103,葡萄糖,公斤,33.46,100,篩,
GA10D2031-1,GA10D2031-1-3,3,BA01B0101-1,鹽-10%,公斤,0.36,100,篩,
GA10D2031-1,GA10D2031-1-4,4,FA10D2031-1-1,香料-1-安立司-西瓜粉-A,公斤,6,100,細篩,
GA10D2031-1,GA10D2031-1-5,5,FA10D2031-1-2,香料-2-安立司-西瓜粉-A,公斤,6,100,細篩,
GA10D2031-1,GA10D2031-1-6,6,BA01B0301,二矽,公斤,0.55,100,細篩,
GA10D2031-1,GA10D2031-1-7,7,M001,1----------混合10分,一,,100,,
GA10D2031-1,GA10D2031-1-8,8,BA01A0201,奶精-A-SD7,公斤,18.84,100,,
GA10D2031-1,GA10D2031-1-9,9,M101,回鍋,公斤,,100,,
GA10D2031-1,GA10D2031-1-10,10,M002,2----------混合10分,一,,100,,
GA10D2031-1,GA10D2031-1-11,11,M003,#NAME?,一,,100,,
GA10D2071-1,GA10D2071-1-1,1,BA01A0103,葡萄糖,公斤,43.33,100,篩,
GA10D2071-1,GA10D2071-1-2,2,BA01A0101-1,糖粉,公斤,19.81,100,篩,
GA10D2071-1,GA10D2071-1-3,3,BA01B0101-1,鹽-10%,公斤,0.81,100,篩,
GA10D2071-1,GA10D2071-1-4,4,FA10D2071-1-1,香料-1-安立司-綠哈密瓜粉-A,公斤,4.3,100,細篩,
GA10D2071-1,GA10D2071-1-5,5,FA10D2071-1-2,香料-2-安立司-綠哈密瓜粉-A,公斤,2.5,100,細篩,
GA10D2071-1,GA10D2071-1-6,6,BA01B0301,二矽,公斤,0.33,100,細篩,
GA10D2071-1,GA10D2071-1-7,7,M001,1----------混合10分,一,,100,,
GA10D2071-1,GA10D2071-1-8,8,FA10D2071-1-3,香料-3-安立司-綠哈密瓜粉-A,公斤,1.2,100,,
GA10D2071-1,GA10D2071-1-9,9,BA01A0201,奶精-A-SD7,公斤,27.72,100,,
GA10D2071-1,GA10D2071-1-10,10,M101,回鍋,公斤,,100,,
GA10D2071-1,GA10D2071-1-11,11,M002,2----------混合10分,一,,100,,
GA10D2071-1,GA10D2071-1-12,12,M003,#NAME?,一,,100,,
GA10D2811,GA10D2811-1,1,BA01A0101-1,糖粉,公斤,21.31,100,篩,
GA10D2811,GA10D2811-2,2,BA01A0103,葡萄糖,公斤,28.21,100,篩,
GA10D2811,GA10D2811-3,3,BA01B0101-1,鹽-10%,公斤,3.5,100,篩,
GA10D2811,GA10D2811-4,4,FA10D2811-1,香料-1-雲祥-芋頭奶,公斤,1,100,細篩,
GA10D2811,GA10D2811-5,5,FA10D2811-2,香料-2-雲祥-芋頭奶,公斤,1,100,細篩,
GA10D2811,GA10D2811-6,6,FA10D2811-3,香料-3-雲祥-芋頭奶,公斤,2.5,100,細篩,
GA10D2811,GA10D2811-7,7,BA01B0301,二矽,公斤,0.99,100,細篩,
GA10D2811,GA10D2811-8,8,M001,1----------混合10分,一,,100,,
GA10D2811,GA10D2811-9,9,BA01K0301,特級芋頭粉,公斤,2.69,100,篩,
GA10D2811,GA10D2811-10,10,DA10D2811,膠類-雲祥-芋頭奶,公斤,0.81,100,,
GA10D2811,GA10D2811-11,11,BA01A0217,素奶精-VC35,公斤,37.99,100,,
GA10D2811,GA10D2811-12,12,M101,回鍋,公斤,,100,,
GA10D2811,GA10D2811-13,13,M002,2----------混合10分,一,,100,,
GA10D2811,GA10D2811-14,14,M003,#NAME?,一,,100,,
GA10D2821,GA10D2821-1,1,BA01A0101-1,糖粉,公斤,18.07,100,篩,
GA10D2821,GA10D2821-2,2,BA01A0103,葡萄糖,公斤,37.96,100,篩,
GA10D2821,GA10D2821-3,3,BA01B0101-1,鹽-10%,公斤,0.79,100,篩,
GA10D2821,GA10D2821-4,4,FA10D2821-1,香料-1-雲祥-草莓奶,公斤,6.3,100,細篩,
GA10D2821,GA10D2821-5,5,FA10D2821-2,香料-2-雲祥-草莓奶,公斤,0.32,100,細篩,
GA10D2821,GA10D2821-6,6,BA01B0301,二矽,公斤,0.27,100,細篩,
GA10D2821,GA10D2821-7,7,M001,1----------混合10分,一,,100,,
GA10D2821,GA10D2821-8,8,FA10D2821-3,香料-3-雲祥-草莓奶,公斤,0.57,100,,
GA10D2821,GA10D2821-9,9,BA01A0217,素奶精-VC35,公斤,35.72,100,,
GA10D2821,GA10D2821-10,10,M101,回鍋,公斤,,100,,
GA10D2821,GA10D2821-11,11,M002,2----------混合10分,一,,100,,
GA10D2821,GA10D2821-12,12,M003,#NAME?,一,,100,,
GA10D2841,GA10D2841-1,1,BA01A0103,葡萄糖,公斤,32.03,100,篩,
GA10D2841,GA10D2841-2,2,BA01A0101-1,糖粉,公斤,23.15,100,篩,
GA10D2841,GA10D2841-3,3,BA01B0101-1,鹽-10%,公斤,3.38,100,篩,
GA10D2841,GA10D2841-4,4,FA10D2841-1,香料-1-雲祥-芒果牛奶,公斤,1.5,100,細篩,
GA10D2841,GA10D2841-5,5,FA10D2841-2,香料-2-雲祥-芒果牛奶,公斤,4,100,細篩,
GA10D2841,GA10D2841-6,6,BA01B0301,二矽,公斤,0.26,100,細篩,
GA10D2841,GA10D2841-7,7,M001,1----------混合10分,一,,100,,
GA10D2841,GA10D2841-8,8,FA10D2841-3,香料-3-雲祥-芒果牛奶,公斤,1.23,100,,
GA10D2841,GA10D2841-9,9,DA10D2841,膠類-雲祥-芒果牛奶,公斤,0.22,100,,
GA10D2841,GA10D2841-10,10,BA01A0217,素奶精-VC35,公斤,34.23,100,,
GA10D2841,GA10D2841-11,11,M101,回鍋,公斤,,100,,
GA10D2841,GA10D2841-12,12,M002,2----------混合10分,一,,100,,
GA10D2841,GA10D2841-13,13,M003,#NAME?,一,,100,,
GA20B3011,GA20B3011-1,1,BA01A0101-1,糖粉,公斤,51.11,100,篩,
GA20B3011,GA20B3011-2,2,BA01A0103,葡萄糖,公斤,9.49,100,篩,
GA20B3011,GA20B3011-3,3,BA01B0101-1,鹽-10%,公斤,7.24,100,篩,
GA20B3011,GA20B3011-4,4,FA20B3011,香料-乙元珍-北海道奶茶,公斤,3.5,100,細篩,
GA20B3011,GA20B3011-5,5,BA01B0301,二矽,公斤,0.4,100,細篩,
GA20B3011,GA20B3011-6,6,M001,1----------混合10分,一,,100,,
GA20B3011,GA20B3011-7,7,BA01A0308,智利紅茶粉-666淺色,公斤,1.74,100,篩,
GA20B3011,GA20B3011-8,8,BA01A0309,智利紅茶粉-668深色-冷溶,公斤,1.01,100,篩,
GA20B3011,GA20B3011-9,9,BA01A0201,奶精-A-SD7,公斤,25.51,100,,
GA20B3011,GA20B3011-10,10,M101,回鍋,公斤,,100,,
GA20B3011,GA20B3011-11,11,M002,2----------混合10分,一,,100,,
GA20B3011,GA20B3011-12,12,M003,#NAME?,一,,100,,
GA20B3021,GA20B3021-1,1,BA01A0102,細砂糖,公斤,18.84,100,篩,
GA20B3021,GA20B3021-2,2,BA01A0101-1,糖粉,公斤,20.99,100,篩,
GA20B3021,GA20B3021-3,3,BA01A0103,葡萄糖,公斤,9.85,100,篩,
GA20B3021,GA20B3021-4,4,BA01B0101-1,鹽-10%,公斤,2.88,100,篩,
GA20B3021,GA20B3021-5,5,BA01B0104-1,美香粉,公斤,2.34,100,篩,
GA20B3021,GA20B3021-6,6,FA20B3011,香料-乙元珍-沖繩黑糖奶茶,公斤,3.5,100,細篩,
GA20B3021,GA20B3021-7,7,BA01B0301,二矽,公斤,0.67,100,細篩,
GA20B3021,GA20B3021-8,8,M001,1----------混合10分,一,,100,,
GA20B3021,GA20B3021-9,9,BA01A0308,智利紅茶粉-666淺色,公斤,1.07,100,篩,
GA20B3021,GA20B3021-10,10,BA01A0309,智利紅茶粉-668深色-冷溶,公斤,1.1,100,篩,
GA20B3021,GA20B3021-11,11,BA01A0201,奶精-A-SD7,公斤,38.76,100,,
GA20B3021,GA20B3021-12,12,M101,回鍋,公斤,,100,,
GA20B3021,GA20B3021-13,13,M002,2----------混合10分,一,,100,,
GA20B3021,GA20B3021-14,14,M003,#NAME?,一,,100,,
GA28A6013,GA28A6013-1,1,BA01A0101-1,糖粉,公斤,5.72,100,篩,
GA28A6013,GA28A6013-2,2,BA01A0103,葡萄糖,公斤,48.19,100,篩,
GA28A6013,GA28A6013-3,3,BA01B0101-1,鹽-10%,公斤,2.89,100,篩,
GA28A6013,GA28A6013-4,4,BA01B0102-1,小蘇打-10%,公斤,1.55,100,篩,
GA28A6013,GA28A6013-5,5,FA28A6013,香料-義峰-拿鐵咖啡,公斤,0.9,100,細篩,
GA28A6013,GA28A6013-6,6,BA01A0406,咖啡-3號,公斤,12.48,100,,
GA28A6013,GA28A6013-7,7,M001,1----------混合10分,一,,100,,
GA28A6013,GA28A6013-8,8,BA01A0201,奶精-A-SD7,公斤,28.27,100,,
GA28A6013,GA28A6013-9,9,M101,回鍋,公斤,,100,,
GA28A6013,GA28A6013-10,10,M002,2----------混合10分,一,,100,,
GA28A6013,GA28A6013-11,11,M003,#NAME?,一,,100,,
GA28B6013,GA28B6013-1,1,BA01A0101-1,糖粉,公斤,20.4,100,篩,
GA28B6013,GA28B6013-2,2,BA01A0102,細砂糖,公斤,24.49,100,篩,
GA28B6013,GA28B6013-3,3,BA01A0103,葡萄糖,公斤,25.98,100,篩,
GA28B6013,GA28B6013-4,4,BA01B0101-1,鹽-10%,公斤,1.85,100,篩,
GA28B6013,GA28B6013-5,5,BA01B0301,二矽,公斤,0.08,100,細篩,
GA28B6013,GA28B6013-6,6,FA28B6013-1,香料-1-義峰-皇家奶茶,公斤,0.3,100,細篩,
GA28B6013,GA28B6013-7,7,FA28B6013-2,香料-2-義峰-皇家奶茶,公斤,0.2,100,細篩,
GA28B6013,GA28B6013-8,8,M002,2----------混合10分,一,,100,,
GA28B6013,GA28B6013-9,9,BA01A0308,智利紅茶粉-666淺色,公斤,1.81,100,篩,
GA28B6013,GA28B6013-10,10,BA01A0309,智利紅茶粉-668深色-冷溶,公斤,0.95,100,篩,
GA28B6013,GA28B6013-11,11,BA01A0201,奶精-A-SD7,公斤,23.94,100,,
GA28B6013,GA28B6013-12,12,M101,回鍋,公斤,,100,,
GA28B6013,GA28B6013-13,13,M003,#NAME?,一,,100,,
GA28B6013,GA28B6013-14,14,M001,1----------混合10分,一,,100,,
GA28C3011,GA28C3011-1,1,BA01A0102,細砂糖,公斤,60.66,100,篩,
GA28C3011,GA28C3011-2,2,BA01A0103,葡萄糖,公斤,1.39,100,篩,
GA28C3011,GA28C3011-3,3,BA01B0101-1,鹽-10%,公斤,4.03,100,篩,
GA28C3011,GA28C3011-4,4,FA28C3011,香料-義峰-阿薩姆奶茶奶粉,公斤,0.36,100,細篩,
GA28C3011,GA28C3011-5,5,M001,1----------混合10分,一,,100,,
GA28C3011,GA28C3011-6,6,BA01A0308,智利紅茶粉-666淺色,公斤,0.5,100,篩,
GA28C3011,GA28C3011-7,7,BA01A0309,智利紅茶粉-668深色-冷溶,公斤,0.76,100,篩,
GA28C3011,GA28C3011-8,8,BA01A0201,奶精-A-SD7,公斤,32.3,100,,
GA28C3011,GA28C3011-9,9,M101,回鍋,公斤,,100,,
GA28C3011,GA28C3011-10,10,M002,2----------混合10分,一,,100,,
GA28C3011,GA28C3011-11,11,M003,#NAME?,一,,100,,
GA28C3031,GA28C3031-1,1,BA01A0102,細砂糖,公斤,44.13,100,篩,
GA28C3031,GA28C3031-2,2,BA01A0101-1,糖粉,公斤,25.35,100,篩,
GA28C3031,GA28C3031-3,3,BA01A0103,葡萄糖,公斤,0.65,100,篩,
GA28C3031,GA28C3031-4,4,BA01B0103-1,蔗糖素-1%,公斤,2.65,100,篩,
GA28C3031,GA28C3031-5,5,BA01B0101,精鹽,公斤,0.62,100,篩,
GA28C3031,GA28C3031-6,6,FA28C3031,香料-義峰-巧克力奶粉,公斤,2.4,100,細篩,
GA28C3031,GA28C3031-7,7,M001,1----------混合10分,一,,100,,
GA28C3031,GA28C3031-8,8,BA01A0504,中脂可可-DR79,公斤,6.63,100,篩,
GA28C3031,GA28C3031-9,9,DA28C3031,膠類-義峰-巧克力奶粉,公斤,0.71,100,,
GA28C3031,GA28C3031-10,10,BA01A0201,奶精-A-SD7,公斤,16.86,100,,
GA28C3031,GA28C3031-11,11,M101,回鍋,公斤,,100,,
GA28C3031,GA28C3031-12,12,M002,2----------混合10分,一,,100,,
GA28C3031,GA28C3031-13,13,M003,#NAME?,一,,100,,
GA29B3011,GA29B3011-1,1,BA01A0101-1,糖粉,公斤,51.38,100,篩,
GA29B3011,GA29B3011-2,2,BA01B0103-1,蔗糖素-1%,公斤,1.44,100,篩,
GA29B3011,GA29B3011-3,3,BA01B0101-1,鹽-10%,公斤,3.64,100,篩,
GA29B3011,GA29B3011-4,4,FA29B3011,香料-三商行-黑糖奶茶,公斤,4,100,細篩,
GA29B3011,GA29B3011-5,5,BA01B0301,二矽,公斤,0.64,100,細篩,
GA29B3011,GA29B3011-6,6,M001,1----------混合10分,一,,100,,
GA29B3011,GA29B3011-7,7,BA01A0308,智利紅茶粉-666淺色,公斤,2.12,100,篩,
GA29B3011,GA29B3011-8,8,BA01A0309,智利紅茶粉-668深色-冷溶,公斤,1.28,100,篩,
GA29B3011,GA29B3011-9,9,BA01A0201,奶精-A-SD7,公斤,35.5,100,,
GA29B3011,GA29B3011-10,10,M101,回鍋,公斤,,100,,
GA29B3011,GA29B3011-11,11,M002,2----------混合10分,一,,100,,
GA29B3011,GA29B3011-12,12,M003,#NAME?,一,,100,,
GA39A3011,GA39A3011-1,1,BA01A0101-1,糖粉,公斤,38.94,100,篩,
GA39A3011,GA39A3011-2,2,BA01A0103,葡萄糖,公斤,9.9,100,篩,
GA39A3011,GA39A3011-3,3,BA01B0101-1,鹽-10%,公斤,3.52,100,篩,
GA39A3011,GA39A3011-4,4,BA01B0102-1,小蘇打-10%,公斤,0.94,100,篩,
GA39A3011,GA39A3011-5,5,FA39A3011,香料-大中和-黃金曼特寧咖啡,公斤,2.7,100,細篩,
GA39A3011,GA39A3011-6,6,BA01A0406,咖啡-3號,公斤,7.98,100,,
GA39A3011,GA39A3011-7,7,M001,1----------混合10分,一,,100,,
GA39A3011,GA39A3011-8,8,BA01A0201,奶精-A-SD7,公斤,36.02,100,,
GA39A3011,GA39A3011-9,9,M101,回鍋,公斤,,100,,
GA39A3011,GA39A3011-10,10,M002,2----------混合10分,一,,100,,
GA39A3011,GA39A3011-11,11,M003,#NAME?,一,,100,,
GA39A3021,GA39A3021-1,1,BA01A0101-1,糖粉,公斤,26.65,100,篩,
GA39A3021,GA39A3021-2,2,BA01A0103,葡萄糖,公斤,12.48,100,篩,
GA39A3021,GA39A3021-3,3,BA01B0101-1,鹽-10%,公斤,2.05,100,篩,
GA39A3021,GA39A3021-4,4,BA01B0102-1,小蘇打-10%,公斤,0.69,100,篩,
GA39A3021,GA39A3021-5,5,FA39A3021,香料-大中和-榛果咖啡,公斤,2,100,細篩,
GA39A3021,GA39A3021-6,6,BA01A0406,咖啡-3號,公斤,12.34,100,,
GA39A3021,GA39A3021-7,7,M001,1----------混合10分,一,,100,,
GA39A3021,GA39A3021-8,8,BA01A0201,奶精-A-SD7,公斤,43.79,100,,
GA39A3021,GA39A3021-9,9,M101,回鍋,公斤,,100,,
GA39A3021,GA39A3021-10,10,M002,2----------混合10分,一,,100,,
GA39A3021,GA39A3021-11,11,M003,#NAME?,一,,100,,
GA50A3831,GA50A3831-1,1,BA01A0101-1,糖粉,公斤,45.39,100,篩,
GA50A3831,GA50A3831-2,2,BA01B0101-1,鹽-10%,公斤,2.75,100,篩,
GA50A3831,GA50A3831-3,3,BA01B0102-1,小蘇打-10%,公斤,0.8,100,篩,
GA50A3831,GA50A3831-4,4,FA50A3831,香料-丞俐-榛果拿鐵粉-素,公斤,2,100,細篩,
GA50A3831,GA50A3831-5,5,BA01A0406,咖啡-3號,公斤,11.21,100,,
GA50A3831,GA50A3831-6,6,M001,1----------混合10分,一,,100,,
GA50A3831,GA50A3831-7,7,DA50A3831,膠類-丞俐-榛果拿鐵粉-素,公斤,0.5,100,,
GA50A3831,GA50A3831-8,8,BA01A0217,素奶精-VC35,公斤,37.35,100,,
GA50A3831,GA50A3831-9,9,M101,回鍋,公斤,,100,,
GA50A3831,GA50A3831-10,10,M002,2----------混合10分,一,,100,,
GA50A3831,GA50A3831-11,11,M003,#NAME?,一,,100,,
GA50A3841,GA50A3841-1,1,BA01A0101-1,糖粉,公斤,54.63,100,篩,
GA50A3841,GA50A3841-2,2,BA01B0101-1,鹽-10%,公斤,4.58,100,篩,
GA50A3841,GA50A3841-3,3,BA01B0103-1,蔗糖素-1%,公斤,1.14,100,篩,
GA50A3841,GA50A3841-4,4,FA50A3841,香料-丞俐-摩卡咖啡粉-素,公斤,6.3,100,細篩,
GA50A3841,GA50A3841-5,5,BA01A0406,咖啡-3號,公斤,3.8,100,,
GA50A3841,GA50A3841-6,6,BA01B0301,二矽,公斤,0.32,100,細篩,
GA50A3841,GA50A3841-7,7,M001,1----------混合10分,一,,100,,
GA50A3841,GA50A3841-8,8,DA50A3841,膠類-丞俐-摩卡咖啡粉-素,公斤,0.5,100,,
GA50A3841,GA50A3841-9,9,BA01A0504,中脂可可-DR79,公斤,5.26,100,,
GA50A3841,GA50A3841-10,10,BA01A0217,素奶精-VC35,公斤,23.47,100,,
GA50A3841,GA50A3841-11,11,M101,回鍋,公斤,,100,,
GA50A3841,GA50A3841-12,12,M002,2----------混合10分,一,,100,,
GA50A3841,GA50A3841-13,13,M003,#NAME?,一,,100,,
GA50B3811,GA50B3811-1,1,BA01A0102,細砂糖,公斤,31.06,100,篩,
GA50B3811,GA50B3811-2,2,BA01A0101-1,糖粉,公斤,25.08,100,篩,
GA50B3811,GA50B3811-3,3,BA01A0105,紅糖,公斤,4.95,100,篩,
GA50B3811,GA50B3811-4,4,BA01B0101-1,鹽-10%,公斤,4.65,100,篩,
GA50B3811,GA50B3811-5,5,FA50B3811,香料-丞俐-黑糖奶茶粉-素,公斤,5,100,細篩,
GA50B3811,GA50B3811-6,6,BA01B0301,二矽,公斤,0.34,100,細篩,
GA50B3811,GA50B3811-7,7,M001,1----------混合10分,一,,100,,
GA50B3811,GA50B3811-8,8,DA50B3811,膠類-丞俐-黑糖奶茶粉-素,公斤,0.57,100,篩,
GA50B3811,GA50B3811-9,9,BA01A0309,智利紅茶粉-668深色-冷溶,公斤,1.34,100,篩,
GA50B3811,GA50B3811-10,10,BA01A0217,素奶精-VC35,公斤,27.01,100,,
GA50B3811,GA50B3811-11,11,M101,回鍋,公斤,,100,,
GA50B3811,GA50B3811-12,12,M002,2----------混合10分,一,,100,,
GA50B3811,GA50B3811-13,13,M003,#NAME?,一,,100,,
GA65T3041,GA65T3041-1,1,BA01A0101-1,糖粉,公斤,73.24,100,篩,
GA65T3041,GA65T3041-2,2,BA01A0102,細砂糖,公斤,19.81,100,篩,
GA65T3041,GA65T3041-3,3,BA01B0103-1,蔗糖素-1%,公斤,1,100,篩,
GA65T3041,GA65T3041-4,4,FA65T3041,香料-鶴岡-檸檬紅茶,公斤,1.2,100,細篩,
GA65T3041,GA65T3041-5,5,BA01B0301,二矽,公斤,0.21,100,細篩,
GA65T3041,GA65T3041-6,6,M001,1----------混合10分,一,,100,,
GA65T3041,GA65T3041-7,7,BA01B0303-4,無水檸檬酸 JUBU,公斤,3.1,100,篩,
GA65T3041,GA65T3041-8,8,BA01B0304,檸檬酸鈉,公斤,0.53,100,篩,
GA65T3041,GA65T3041-9,9,BA01A0309,智利紅茶粉(冷溶)-668,公斤,0.91,100,篩,
GA65T3041,GA65T3041-10,10,M101,回鍋,公斤,,100,,
GA65T3041,GA65T3041-11,11,M002,2----------混合10分,一,,100,,
GA65T3041,GA65T3041-12,12,M003,#NAME?,一,,100,,
GA91B2011,GA91B2011-1,1,BA01A0103,葡萄糖,公斤,24.28,100,篩,
GA91B2011,GA91B2011-2,2,BA01B0101-1,鹽-10%,公斤,3.82,100,篩,
GA91B2011,GA91B2011-3,3,FA91B2011,香料-台沛-特級奶茶粉,公斤,0.85,100,細篩,
GA91B2011,GA91B2011-4,4,M001,1----------混合10分,一,,100,,
GA91B2011,GA91B2011-5,5,BA01A0308,智利紅茶粉-666淺色,公斤,3.31,100,篩,
GA91B2011,GA91B2011-6,6,BA01A0309,智利紅茶粉-668深色-冷溶,公斤,2.56,100,篩,
GA91B2011,GA91B2011-7,7,BA01A0201,奶精-A-SD7,公斤,65.18,100,,
GA91B2011,GA91B2011-8,8,M101,回鍋,公斤,,100,,
GA91B2011,GA91B2011-9,9,M002,2----------混合10分,一,,100,,
GA91B2011,GA91B2011-10,10,M003,#NAME?,一,,100,,
GA91B3011,GA91B3011-1,1,BA01A0101-1,糖粉,公斤,44.77,100,篩,
GA91B3011,GA91B3011-2,2,BA01B0101-1,鹽-10%,公斤,1.98,100,篩,
GA91B3011,GA91B3011-3,3,FA91B3011-1,香料-1-台沛-泰式奶茶粉,公斤,0.55,100,細篩,
GA91B3011,GA91B3011-4,4,FA91B3011-2,香料-2-台沛-泰式奶茶粉,公斤,0.86,100,細篩,
GA91B3011,GA91B3011-5,5,FA91B3011-3,香料-3-台沛-泰式奶茶粉,公斤,1.7,100,細篩,
GA91B3011,GA91B3011-6,6,M001,1----------混合10分,一,,100,,
GA91B3011,GA91B3011-7,7,BA01A0308,智利紅茶粉-666淺色,公斤,0.55,100,篩,
GA91B3011,GA91B3011-8,8,BA01A0309,智利紅茶粉-668深色-冷溶,公斤,0.39,100,篩,
GA91B3011,GA91B3011-9,9,BA01A0310,即溶綠茶粉-TCTG,公斤,0.67,100,,
GA91B3011,GA91B3011-10,10,BA01A0201,奶精-A-SD7,公斤,48.53,100,,
GA91B3011,GA91B3011-11,11,M101,回鍋,公斤,,100,,
GA91B3011,GA91B3011-12,12,M002,2----------混合10分,一,,100,,
GA91B3011,GA91B3011-13,13,M003,#NAME?,一,,100,,
GA91B3021,GA91B3021-1,1,BA01A0103,葡萄糖,公斤,40.82,100,篩,
GA91B3021,GA91B3021-2,2,BA01B0101-1,鹽-10%,公斤,4.28,100,篩,
GA91B3021,GA91B3021-3,3,FA91B3021,香料-台沛-三合一奶茶,公斤,4.2,100,細篩,
GA91B3021,GA91B3021-4,4,BA01B0301,二矽,公斤,0.42,100,細篩,
GA91B3021,GA91B3021-5,5,M001,1----------混合10分,一,,100,,
GA91B3021,GA91B3021-6,6,BA01A0308,智利紅茶粉-666淺色,公斤,1.8,100,篩,
GA91B3021,GA91B3021-7,7,BA01A0309,智利紅茶粉-668深色-冷溶,公斤,1.83,100,篩,
GA91B3021,GA91B3021-8,8,BA01A0201,奶精-A-SD7,公斤,46.65,100,,
GA91B3021,GA91B3021-9,9,M101,回鍋,公斤,,100,,
GA91B3021,GA91B3021-10,10,M002,2----------混合10分,一,,100,,
GA91B3021,GA91B3021-11,11,M003,#NAME?,一,,100,,
GA91C2021,GA91C2021-1,1,BA01A0101-1,糖粉,公斤,63.19,100,篩,
GA91C2021,GA91C2021-2,2,BA01B0103-1,蔗糖素-1%,公斤,6.33,100,篩,
GA91C2021,GA91C2021-3,3,BA01B0101,精鹽,公斤,5.22,100,篩,
GA91C2021,GA91C2021-4,4,FA91C2021-1,香料-1-台沛-玫荔奶蓋粉,公斤,7,100,細篩,
GA91C2021,GA91C2021-5,5,FA91C2021-2,香料-2-台沛-玫荔奶蓋粉,公斤,7,100,細篩,
GA91C2021,GA91C2021-6,6,BA01B0301,二矽,公斤,0.9,100,細篩,
GA91C2021,GA91C2021-7,7,M001,1----------混合10分,一,,100,,
GA91C2021,GA91C2021-8,8,DA91C2021,膠類-台沛-玫荔奶蓋粉,公斤,2.7,100,,
GA91C2021,GA91C2021-9,9,BA01A0201,奶精-A-SD7,公斤,7.66,100,,
GA91C2021,GA91C2021-10,10,M101,回鍋,公斤,,100,,
GA91C2021,GA91C2021-11,11,M002,2----------混合10分,一,,100,,
GA91C2021,GA91C2021-12,12,M003,#NAME?,一,,100,,
GA91C2041,GA91C2041-1,1,BA01A0101-1,糖粉,公斤,48.77,100,篩,
GA91C2041,GA91C2041-2,2,BA01A0103,葡萄糖,公斤,6.66,100,篩,
GA91C2041,GA91C2041-3,3,BA01B0101-1,鹽-10%,公斤,2.16,100,篩,
GA91C2041,GA91C2041-4,4,FA91C2041,香料-台沛-提拉米蘇奶蓋粉,公斤,3,100,細篩,
GA91C2041,GA91C2041-5,5,BA01B0301,二矽,公斤,0.31,100,細篩,
GA91C2041,GA91C2041-6,6,M001,1----------混合10分,一,,100,,
GA91C2041,GA91C2041-7,7,DA91C2041,膠類-台沛-提拉米蘇奶蓋粉,公斤,3.52,100,,
GA91C2041,GA91C2041-8,8,BA01A0406,咖啡-3號,公斤,8.28,100,,
GA91C2041,GA91C2041-9,9,BA01A0504,中脂可可-DR79,公斤,6.09,100,篩,
GA91C2041,GA91C2041-10,10,BA01A0201,奶精-A-SD7,公斤,21.21,100,,
GA91C2041,GA91C2041-11,11,M101,回鍋,公斤,,100,,
GA91C2041,GA91C2041-12,12,M002,2----------混合10分,一,,100,,
GA91C2041,GA91C2041-13,13,M003,#NAME?,一,,100,,
GA91C3011,GA91C3011-1,1,BA01A0103,葡萄糖,公斤,50.4,100,篩,
GA91C3011,GA91C3011-2,2,BA01B0101-1,鹽-10%,公斤,0.75,100,篩,
GA91C3011,GA91C3011-3,3,FA91C3011,香料-台沛-椰子粉,公斤,1.2,100,細篩,
GA91C3011,GA91C3011-4,4,BA01B0301,二矽,公斤,0.83,100,細篩,
GA91C3011,GA91C3011-5,5,BA01A0605-2,椰漿粉-6008,公斤,8.6,100,篩,
GA91C3011,GA91C3011-6,6,BA01A0605-1,都梁即溶椰漿粉(菲律賓),公斤,5.58,100,篩,
GA91C3011,GA91C3011-7,7,M001,1----------混合10分,一,,100,,
GA91C3011,GA91C3011-8,8,BA01A0201,奶精-A-SD7,公斤,32.64,100,,
GA91C3011,GA91C3011-9,9,M101,回鍋,公斤,,100,,
GA91C3011,GA91C3011-10,10,M002,2----------混合10分,一,,100,,
GA91C3011,GA91C3011-11,11,M003,#NAME?,一,,100,,
GA91C3031,GA91C3031-1,1,BA01A0101-1,糖粉,公斤,51.28,100,篩,
GA91C3031,GA91C3031-2,2,BA01A0103,葡萄糖,公斤,5.88,100,篩,
GA91C3031,GA91C3031-3,3,BA01B0101-1,鹽-10%,公斤,2.77,100,篩,
GA91C3031,GA91C3031-4,4,FA91C3031,香料-台沛-香草粉,公斤,4,100,細篩,
GA91C3031,GA91C3031-5,5,M001,1----------混合10分,一,,100,,
GA91C3031,GA91C3031-6,6,DA91C3031,膠類-台沛-香草粉,公斤,0.49,100,,
GA91C3031,GA91C3031-7,7,BA01A0201,奶精-A-SD7,公斤,35.58,100,,
GA91C3031,GA91C3031-8,8,M101,回鍋,公斤,,100,,
GA91C3031,GA91C3031-9,9,M002,2----------混合10分,一,,100,,
GA91C3031,GA91C3031-10,10,M003,#NAME?,一,,100,,
GA91D1021,GA91D1021-1,1,BA01A0103,葡萄糖,公斤,9.21,100,篩,
GA91D1021,GA91D1021-2,2,BA01B0101-1,鹽-10%,公斤,9.72,100,篩,
GA91D1021,GA91D1021-3,3,FA91D1021-1,香料-1-台沛-植物性奶精粉,公斤,0.6,100,細篩,
GA91D1021,GA91D1021-4,4,FA91D1021-2,香料-2-台沛-植物性奶精粉,公斤,0.4,100,細篩,
GA91D1021,GA91D1021-5,5,BA01B0301,二矽,公斤,0.09,100,細篩,
GA91D1021,GA91D1021-6,6,BA01A0217,素奶精-VC35,公斤,79.98,100,,
GA91D1021,GA91D1021-7,7,M101,回鍋,公斤,,100,,
GA91D1021,GA91D1021-8,8,M006,1----------混合15分,一,,100,,
GA91D1021,GA91D1021-9,9,M003,#NAME?,一,,100,,
GA91D1031,GA91D1031-1,1,BA01A0103,葡萄糖,公斤,7.51,100,篩,
GA91D1031,GA91D1031-2,2,BA01A0201,奶精-A-SD7,公斤,40.72,100,,
GA91D1031,GA91D1031-3,3,BA01A0202,奶精-B-SD20,公斤,51.62,100,,
GA91D1031,GA91D1031-4,4,BA01B0301,二矽,公斤,0.15,100,細篩,
GA91D1031,GA91D1031-5,5,M101,回鍋,公斤,,100,,
GA91D1031,GA91D1031-6,6,M006,1----------混合15分,一,,100,,
GA91D1031,GA91D1031-7,7,M003,#NAME?,一,,100,,
GA91D2051,GA91D2051-1,1,BA01A0103,葡萄糖,公斤,65.12,100,篩,
GA91D2051,GA91D2051-2,2,BA01B0101-1,鹽-10%,公斤,1.18,100,篩,
GA91D2051,GA91D2051-3,3,FA91D2051-1,香料-1-台沛-黃哈密瓜粉,公斤,3.8,100,細篩,
GA91D2051,GA91D2051-4,4,FA91D2051-2,香料-2-台沛-黃哈密瓜粉,公斤,2,100,細篩,
GA91D2051,GA91D2051-5,5,BA01B0301,二矽,公斤,0.35,100,細篩,
GA91D2051,GA91D2051-6,6,M001,1----------混合10分,一,,100,,
GA91D2051,GA91D2051-7,7,FA91D2051-3,香料-3-台沛-黃哈密瓜粉,公斤,1.1,100,,
GA91D2051,GA91D2051-8,8,BA01A0201,奶精-A-SD7,公斤,26.45,100,,
GA91D2051,GA91D2051-9,9,M101,回鍋,公斤,,100,,
GA91D2051,GA91D2051-10,10,M002,2----------混合10分,一,,100,,
GA91D2051,GA91D2051-11,11,M003,#NAME?,一,,100,,
GA91D2081,GA91D2081-1,1,BA01A0103,葡萄糖,公斤,36.74,100,篩,
GA91D2081,GA91D2081-2,2,BA01A0101-1,糖粉,公斤,20.39,100,篩,
GA91D2081,GA91D2081-3,3,BA01B0104-1,美香粉,公斤,0.97,100,篩,
GA91D2081,GA91D2081-4,4,BA01B0301,二矽,公斤,2.67,100,細篩,
GA91D2081,GA91D2081-5,5,FA91D2081-1,香料-1-台沛-芋頭粉,公斤,2,100,細篩,
GA91D2081,GA91D2081-6,6,FA91D2081-2,香料-2-台沛-芋頭粉,公斤,8,100,細篩,
GA91D2081,GA91D2081-7,7,FA91D2081-3,香料-3-台沛-芋頭粉,公斤,1.3,100,細篩,
GA91D2081,GA91D2081-8,8,M001,1----------混合10分,一,,100,,
GA91D2081,GA91D2081-9,9,DA91D2081,膠類-台沛-芋頭粉,公斤,1.07,100,,
GA91D2081,GA91D2081-10,10,BA01A0201,奶精-A-SD7,公斤,26.86,100,,
GA91D2081,GA91D2081-11,11,M101,回鍋,公斤,,100,,
GA91D2081,GA91D2081-12,12,M002,2----------混合10分,一,,100,,
GA91D2081,GA91D2081-13,13,M003,#NAME?,一,,100,,
GA91D2082,GA91D2082-1,1,BA01A0103,葡萄糖,公斤,37.02,100,篩,
GA91D2082,GA91D2082-2,2,BA01A0102,細砂糖,公斤,29.63,100,篩,
GA91D2082,GA91D2082-3,3,BA01B0104-1,美香粉,公斤,0.79,100,篩,
GA91D2082,GA91D2082-4,4,FA91D2082-1,香料-1-台沛-芋頭粉,公斤,2,100,細篩,
GA91D2082,GA91D2082-5,5,FA91D2082-2,香料-2-台沛-芋頭粉,公斤,8,100,細篩,
GA91D2082,GA91D2082-6,6,FA91D2082-3,香料-3-台沛-芋頭粉,公斤,1.3,100,細篩,
GA91D2082,GA91D2082-7,7,BA01B0301,二矽,公斤,1.88,100,細篩,
GA91D2082,GA91D2082-8,8,M001,1----------混合10分,一,,100,,
GA91D2082,GA91D2082-9,9,DA91D2082,膠類-台沛-芋頭粉,公斤,1.35,100,,
GA91D2082,GA91D2082-10,10,BA01A0201,奶精-A-SD7,公斤,18.03,100,,
GA91D2082,GA91D2082-11,11,M101,回鍋,公斤,,100,,
GA91D2082,GA91D2082-12,12,M002,2----------混合10分,一,,100,,
GA91D2082,GA91D2082-13,13,M003,#NAME?,一,,100,,
GD01C3011,GD01C3011-1,1,BA01A0101-1,糖粉,公斤,23.43,100,篩,
GD01C3011,GD01C3011-2,2,BA01A0102,細砂糖,公斤,26.06,100,篩,
GD01C3011,GD01C3011-3,3,BA01A0103,葡萄糖,公斤,1.76,100,篩,
GD01C3011,GD01C3011-4,4,BA01B0101-1,鹽-10%,公斤,3.45,100,篩,
GD01C3011,GD01C3011-5,5,FD01C3011,香料-米可可-杏仁茶,公斤,5.1,100,細篩,
GD01C3011,GD01C3011-6,6,M001,1----------混合10分,一,,100,,
GD01C3011,GD01C3011-7,7,BA01K0101,馬鈴薯澱粉-鷹牌,公斤,12.75,100,篩,
GD01C3011,GD01C3011-8,8,BA01A0201,奶精-A-SD7,公斤,27.45,100,,
GD01C3011,GD01C3011-9,9,M101,回鍋,公斤,,100,,
GD01C3011,GD01C3011-10,10,M002,2----------混合10分,一,,100,,
GD01C3011,GD01C3011-11,11,M003,#NAME?,一,,100,,
GD01T3021,GD01T3021-1,1,BA01A0101-1,糖粉,公斤,43.36,100,篩,
GD01T3021,GD01T3021-2,2,BA01A0102,細砂糖,公斤,49,100,篩,
GD01T3021,GD01T3021-3,3,BA01B0103-1,蔗糖素-1%,公斤,1.17,100,篩,
GD01T3021,GD01T3021-4,4,FD01T3021-1,香料-1-米可可-檸檬紅茶,公斤,2,100,細篩,
GD01T3021,GD01T3021-5,5,BA01B0301,二矽,公斤,0.22,100,細篩,
GD01T3021,GD01T3021-6,6,M001,1----------混合10分,一,,100,,
GD01T3021,GD01T3021-7,7,BA01B0303-4,無水檸檬酸 JUBU,公斤,2.8,100,篩,
GD01T3021,GD01T3021-8,8,BA01B0304,檸檬酸鈉,公斤,0.44,100,篩,
GD01T3021,GD01T3021-9,9,BA01A0309,智利紅茶粉(冷溶)-668,公斤,0.46,100,篩,
GD01T3021,GD01T3021-10,10,FD01T3021-2,香料-2-米可可-檸檬紅茶,公斤,0.55,100,手篩,
GD01T3021,GD01T3021-11,11,M101,回鍋,公斤,,100,,
GD01T3021,GD01T3021-12,12,M002,2----------混合10分,一,,100,,
GD01T3021,GD01T3021-13,13,M003,#NAME?,一,,100,,
GD21C3011,GD21C3011-1,1,BA01A0103,葡萄糖,公斤,34.85,100,篩,
GD21C3011,GD21C3011-2,2,BA01A0102,細砂糖,公斤,6.94,100,篩,
GD21C3011,GD21C3011-3,3,BA01B0101-1,鹽-10%,公斤,2.11,100,篩,
GD21C3011,GD21C3011-4,4,FD21C3011,香料-新台豐-抹茶歐蕾,公斤,5,100,細篩,
GD21C3011,GD21C3011-5,5,BA01B0301,二矽,公斤,1.39,100,細篩,
GD21C3011,GD21C3011-6,6,M001,1----------混合10分,一,,100,,
GD21C3011,GD21C3011-7,7,BA01A0108,糊精-DE10,公斤,7.58,100,,
GD21C3011,GD21C3011-8,8,BA01A0306,抹茶粉9603-1,公斤,11.77,100,,
GD21C3011,GD21C3011-9,9,BA01A0310,即溶綠茶粉-TCTG,公斤,1.32,100,,
GD21C3011,GD21C3011-10,10,BA01A0201,奶精-A-SD7,公斤,29.04,100,,
GD21C3011,GD21C3011-11,11,M101,回鍋,公斤,,100,,
GD21C3011,GD21C3011-12,12,M002,2----------混合10分,一,,100,,
GD21C3011,GD21C3011-13,13,M003,#NAME?,一,,100,,
GD21C3011-1,GD21C3011-1-1,1,BA01A0103,葡萄糖,公斤,22.05,100,篩,
GD21C3011-1,GD21C3011-1-2,2,BA01A0102,細砂糖,公斤,6.18,100,篩,
GD21C3011-1,GD21C3011-1-3,3,BA01B0101-1,鹽-10%,公斤,2.26,100,篩,
GD21C3011-1,GD21C3011-1-4,4,BA01B0301,二矽,公斤,1.23,100,細篩,
GD21C3011-1,GD21C3011-1-5,5,M001,1----------混合10分,一,,100,,
GD21C3011-1,GD21C3011-1-6,6,BA01A0108,糊精-DE10,公斤,9.28,100,,
GD21C3011-1,GD21C3011-1-7,7,BA01A0306,抹茶粉9603-1,公斤,26.31,100,,
GD21C3011-1,GD21C3011-1-8,8,BA01A0310,即溶綠茶粉-TCTG,公斤,0.82,100,,
GD21C3011-1,GD21C3011-1-9,9,BA01A0201,奶精-A-SD7,公斤,31.87,100,,
GD21C3011-1,GD21C3011-1-10,10,M101,回鍋,公斤,,100,,
GD21C3011-1,GD21C3011-1-11,11,M002,2----------混合10分,一,,100,,
GD21C3011-1,GD21C3011-1-12,12,M003,#NAME?,一,,100,,
GD21C3021,GD21C3021-1,1,BA01A0101-1,糖粉,公斤,8.36,100,篩,
GD21C3021,GD21C3021-2,2,BA01B0103-1,蔗糖素-1%,公斤,4.14,100,篩,
GD21C3021,GD21C3021-3,3,BA01B0101,精鹽,公斤,4.89,100,篩,
GD21C3021,GD21C3021-4,4,FD21C3021-1,香料-1-新台豐-原味海鹽奶蓋粉,公斤,4,100,細篩,
GD21C3021,GD21C3021-5,5,FD21C3021-2,香料-2-新台豐-原味海鹽奶蓋粉,公斤,1.3,100,細篩,
GD21C3021,GD21C3021-6,6,FD21C3021-3,香料-3-新台豐-原味海鹽奶蓋粉,公斤,5,100,細篩,
GD21C3021,GD21C3021-7,7,BA01B0301,二矽,公斤,0.1,100,細篩,
GD21C3021,GD21C3021-8,8,M001,1----------混合10分,一,,100,,
GD21C3021,GD21C3021-9,9,DD21C3021,膠類-新台豐-原味海鹽奶蓋粉,公斤,2.89,100,,
GD21C3021,GD21C3021-10,10,BA01A0606,奶油粉NZMP,公斤,22.21,100,,
GD21C3021,GD21C3021-11,11,BA01A0201,奶精-A-SD7,公斤,47.11,100,,
GD21C3021,GD21C3021-12,12,M101,回鍋,公斤,,100,,
GD21C3021,GD21C3021-13,13,M002,2----------混合10分,一,,100,,
GD21C3021,GD21C3021-14,14,M003,#NAME?,一,,100,,
GD21C3021-1,GD21C3021-1-1,1,BA01A0101-1,糖粉,公斤,16.39,100,篩,
GD21C3021-1,GD21C3021-1-2,2,BA01B0103-1,蔗糖素-1%,公斤,2.5,100,篩,
GD21C3021-1,GD21C3021-1-3,3,BA01B0101,精鹽,公斤,9.73,100,篩,
GD21C3021-1,GD21C3021-1-4,4,FD21C3021-1-1,香料-1-新台豐-原味海鹽奶蓋粉NV,公斤,4,100,細篩,
GD21C3021-1,GD21C3021-1-5,5,FD21C3021-1-2,香料-2-新台豐-原味海鹽奶蓋粉NV,公斤,1.3,100,細篩,
GD21C3021-1,GD21C3021-1-6,6,BA01B0301,二矽,公斤,0.09,100,細篩,
GD21C3021-1,GD21C3021-1-7,7,M001,1----------混合10分,一,,100,,
GD21C3021-1,GD21C3021-1-8,8,DD21C3021-1,膠類-新台豐-原味海鹽奶蓋粉NV,公斤,3.39,100,,
GD21C3021-1,GD21C3021-1-9,9,BA01A0201,奶精-A-SD7,公斤,37.26,100,,
GD21C3021-1,GD21C3021-1-10,10,BA01A0606,奶油粉NZMP,公斤,25.34,100,,
GD21C3021-1,GD21C3021-1-11,11,M101,回鍋,公斤,,100,,
GD21C3021-1,GD21C3021-1-12,12,M002,2----------混合10分,一,,100,,
GD21C3021-1,GD21C3021-1-13,13,M003,#NAME?,一,,100,,
GD21C3031,GD21C3031-1,1,BA01A0103,葡萄糖,公斤,45.49,100,篩,
GD21C3031,GD21C3031-2,2,BA01A0102,細砂糖,公斤,3.49,100,篩,
GD21C3031,GD21C3031-3,3,BA01B0101-1,鹽-10%,公斤,2.6,100,篩,
GD21C3031,GD21C3031-4,4,FD21C3031,香料-新台豐-特濃可可粉,公斤,2,100,細篩,
GD21C3031,GD21C3031-5,5,DD21C3031,膠類-新台豐-特濃可可粉,公斤,0.97,100,,
GD21C3031,GD21C3031-6,6,M001,1----------混合10分,一,,100,,
GD21C3031,GD21C3031-7,7,BA01A0504,中脂可可-DR79,公斤,39.5,100,篩,
GD21C3031,GD21C3031-8,8,BA01A0201,奶精-A-SD7,公斤,5.95,100,,
GD21C3031,GD21C3031-9,9,M101,回鍋,公斤,,100,,
GD21C3031,GD21C3031-10,10,M002,2----------混合10分,一,,100,,
GD21C3031,GD21C3031-11,11,M003,#NAME?,一,,100,,
GD27R6011,GD27R6011-1,1,BA01A0605-2,椰漿粉-6008,公斤,57.7,100,篩,
GD27R6011,GD27R6011-2,2,BA01A0605-1,都梁即溶椰漿粉(菲律賓),公斤,38.61,100,篩,
GD27R6011,GD27R6011-3,3,BA01B0301,二矽,公斤,3.69,100,細篩,
GD27R6011,GD27R6011-4,4,M001,1----------混合10分,一,,100,,
GD44C3011,GD44C3011-1,1,BA01A0101-1,糖粉,公斤,30.51,100,篩,
GD44C3011,GD44C3011-2,2,BA01B0101-1,鹽-10%,公斤,0.08,100,篩,
GD44C3011,GD44C3011-3,3,BA01B0103-1,蔗糖素-1%,公斤,1.38,100,篩,
GD44C3011,GD44C3011-4,4,FD44C3011,香料-墨力-杏仁粉,公斤,3.08,100,細篩,
GD44C3011,GD44C3011-5,5,M001,1----------混合10分,一,,100,,
GD44C3011,GD44C3011-6,6,BA01K0101,馬鈴薯澱粉-鷹牌,公斤,7.15,100,篩,
GD44C3011,GD44C3011-7,7,BA01A0201,奶精-A-SD7,公斤,57.8,100,,
GD44C3011,GD44C3011-8,8,M101,回鍋,公斤,,100,,
GD44C3011,GD44C3011-9,9,M002,2----------混合10分,一,,100,,
GD44C3011,GD44C3011-10,10,M003,#NAME?,一,,100,,
GD45A3011,GD45A3011-1,1,BA01A0101-1,糖粉,公斤,24.86,100,篩,
GD45A3011,GD45A3011-2,2,BA01B0103-1,蔗糖素-1%,公斤,0.55,100,篩,
GD45A3011,GD45A3011-3,3,BA01B0101-1,鹽-10%,公斤,1.43,100,篩,
GD45A3011,GD45A3011-4,4,FD45A3011,香料-采唐-卡布奇諾咖啡粉,公斤,0.5,100,細篩,
GD45A3011,GD45A3011-5,5,BA01A0406,咖啡-3號,公斤,9.48,100,,
GD45A3011,GD45A3011-6,6,M001,1----------混合10分,一,,100,,
GD45A3011,GD45A3011-7,7,BA01A0201,奶精-A-SD7,公斤,63.18,100,,
GD45A3011,GD45A3011-8,8,M101,回鍋,公斤,,100,,
GD45A3011,GD45A3011-9,9,M002,2----------混合10分,一,,100,,
GD45A3011,GD45A3011-10,10,M003,#NAME?,一,,100,,
GD45D2021,GD45D2021-1,1,BA01A0101-1,糖粉,公斤,45.4,100,篩,
GD45D2021,GD45D2021-2,2,BA01B0103-1,蔗糖素-1%,公斤,3.31,100,篩,
GD45D2021,GD45D2021-3,3,BA01B0101-1,鹽-10%,公斤,1.44,100,篩,
GD45D2021,GD45D2021-4,4,FD45D2021-1,香料-1-采唐-綠哈蜜瓜粉,公斤,4.56,100,細篩,
GD45D2021,GD45D2021-5,5,FD45D2021-2,香料-2-采唐-綠哈蜜瓜粉,公斤,2.5,100,細篩,
GD45D2021,GD45D2021-6,6,BA01B0301,二矽,公斤,0.23,100,細篩,
GD45D2021,GD45D2021-7,7,M001,1----------混合10分,一,,100,,
GD45D2021,GD45D2021-8,8,FD45D2021-3,香料-3-采唐-綠哈蜜瓜粉,公斤,1.32,100,,
GD45D2021,GD45D2021-9,9,BA01A0201,奶精-A-SD7,公斤,41.24,100,,
GD45D2021,GD45D2021-10,10,M101,回鍋,公斤,,100,,
GD45D2021,GD45D2021-11,11,M002,2----------混合10分,一,,100,,
GD45D2021,GD45D2021-12,12,M003,#NAME?,一,,100,,
GD45D2041,GD45D2041-1,1,BA01A0101-1,糖粉,公斤,28.14,100,篩,
GD45D2041,GD45D2041-2,2,BA01A0103,葡萄糖,公斤,2.75,100,篩,
GD45D2041,GD45D2041-3,3,BA01B0103-1,蔗糖素-1%,公斤,0.24,100,篩,
GD45D2041,GD45D2041-4,4,BA01B0101-1,鹽-10%,公斤,0.79,100,篩,
GD45D2041,GD45D2041-5,5,BA01B0301,二矽,公斤,0.63,100,細篩,
GD45D2041,GD45D2041-6,6,FD45D2041-1,香料-1-采唐-芋頭粉,公斤,0.22,100,細篩,
GD45D2041,GD45D2041-7,7,FD45D2041-2,香料-2-采唐-芋頭粉,公斤,4.9,100,細篩,
GD45D2041,GD45D2041-8,8,FD45D2041-3,香料-3-采唐-芋頭粉,公斤,3.78,100,細篩,
GD45D2041,GD45D2041-9,9,M001,1----------混合10分,一,,100,,
GD45D2041,GD45D2041-10,10,BA01K0301,特級芋頭粉,公斤,3.84,100,篩,
GD45D2041,GD45D2041-11,11,BA01A0201,奶精-A-SD7,公斤,54.71,100,,
GD45D2041,GD45D2041-12,12,M101,回鍋,公斤,,100,,
GD45D2041,GD45D2041-13,13,M002,2----------混合10分,一,,100,,
GD45D2041,GD45D2041-14,14,M003,#NAME?,一,,100,,
GD45D2051,GD45D2051-1,1,BA01A0103,葡萄糖,公斤,13.05,100,篩,
GD45D2051,GD45D2051-2,2,BA01B0101-1,鹽-10%,公斤,5.05,100,篩,
GD45D2051,GD45D2051-3,3,FD45D2051,香料-采唐-厚奶精,公斤,0.12,100,細篩,
GD45D2051,GD45D2051-4,4,BA01A0201,奶精-A-SD7,公斤,81.78,100,,
GD45D2051,GD45D2051-5,5,M101,回鍋,公斤,,100,,
GD45D2051,GD45D2051-6,6,M006,1----------混合15分,一,,100,,
GD45D2051,GD45D2051-7,7,M003,#NAME?,一,,100,,
GD46L3011,GD46L3011-1,1,BA01A0102,細砂糖,公斤,4.59,100,篩,
GD46L3011,GD46L3011-2,2,BA01A0103,葡萄糖,公斤,8.37,100,篩,
GD46L3011,GD46L3011-3,3,BA01B0101,精鹽,公斤,8.19,100,篩,
GD46L3011,GD46L3011-4,4,BA01K0201,IG,公斤,0.13,100,,
GD46L3011,GD46L3011-5,5,BA01K0213,琥珀酸二鈉-干貝素,公斤,0.12,100,篩,
GD46L3011,GD46L3011-6,6,BA01K0110-4,洋芋粉10079,公斤,13.72,100,,
GD46L3011,GD46L3011-7,7,M001,1----------混合10分,一,,100,,
GD46L3011,GD46L3011-8,8,DD46L3011,膠類-星宇-馬鈴薯濃湯,公斤,0.84,100,,
GD46L3011,GD46L3011-9,9,BA01K0203-1,洋蔥粉-益昌,公斤,1.46,100,,
GD46L3011,GD46L3011-10,10,BA01K0101,馬鈴薯澱粉-鷹牌,公斤,22.69,100,篩,
GD46L3011,GD46L3011-11,11,BA01K0207-1,義大利香料-打粉,公斤,0.79,100,,
GD46L3011,GD46L3011-12,12,BA01A0201,奶精-A-SD7,公斤,38.76,100,,
GD46L3011,GD46L3011-13,13,M002,2----------混合10分,一,,100,,
GD46L3011,GD46L3011-14,14,M003-1,#NAME?,一,,100,,
GD46L3011,GD46L3011-15,15,BA01P0125,洋香菜,公斤,0.34,100,,
GD46L3011,GD46L3011-16,16,M101,回鍋,公斤,,100,,
GD46L3011,GD46L3011-17,17,M004,1----------混合5分,一,,100,,
GD52B3011,GD52B3011-1,1,BA01A0102,細砂糖,公斤,41.17,100,篩,
GD52B3011,GD52B3011-2,2,BA01A0101-1,糖粉,公斤,16.18,100,篩,
GD52B3011,GD52B3011-3,3,BA01A0103,葡萄糖,公斤,1.45,100,篩,
GD52B3011,GD52B3011-4,4,BA01B0101-1,鹽-10%,公斤,4.16,100,篩,
GD52B3011,GD52B3011-5,5,FD52B3011,香料-台深-阿薩姆奶粉,公斤,0.4,100,細篩,
GD52B3011,GD52B3011-6,6,M001,1----------混合10分,一,,100,,
GD52B3011,GD52B3011-7,7,BA01A0308,智利紅茶粉-666淺色,公斤,0.89,100,篩,
GD52B3011,GD52B3011-8,8,BA01A0309,智利紅茶粉-668深色-冷溶,公斤,0.87,100,篩,
GD52B3011,GD52B3011-9,9,BA01A0201,奶精-A-SD7,公斤,34.88,100,,
GD52B3011,GD52B3011-10,10,M101,回鍋,公斤,,100,,
GD52B3011,GD52B3011-11,11,M002,2----------混合10分,一,,100,,
GD52B3011,GD52B3011-12,12,M003,#NAME?,一,,100,,
GD52B3021,GD52B3021-1,1,BA01A0102,細砂糖,公斤,17.26,100,篩,
GD52B3021,GD52B3021-2,2,BA01A0103,葡萄糖,公斤,43.95,100,篩,
GD52B3021,GD52B3021-3,3,BA01B0101-1,鹽-10%,公斤,2.12,100,篩,
GD52B3021,GD52B3021-4,4,FD52B3021-1,香料-1-台深-伯爵奶粉,公斤,0.17,100,細篩,
GD52B3021,GD52B3021-5,5,FD52B3021-2,香料-2-台深-伯爵奶粉,公斤,1.1,100,細篩,
GD52B3021,GD52B3021-6,6,BA01B0301,二矽,公斤,0.75,100,細篩,
GD52B3021,GD52B3021-7,7,M001,1----------混合10分,一,,100,,
GD52B3021,GD52B3021-8,8,BA01A0308,智利紅茶粉-666淺色,公斤,1.33,100,篩,
GD52B3021,GD52B3021-9,9,BA01A0309,智利紅茶粉-668深色-冷溶,公斤,1.48,100,篩,
GD52B3021,GD52B3021-10,10,BA01A0201,奶精-A-SD7,公斤,31.84,100,,
GD52B3021,GD52B3021-11,11,M101,回鍋,公斤,,100,,
GD52B3021,GD52B3021-12,12,M002,2----------混合10分,一,,100,,
GD52B3021,GD52B3021-13,13,M003,#NAME?,一,,100,,
GD52B3051,GD52B3051-1,1,BA01A0102,細砂糖,公斤,22.54,100,篩,
GD52B3051,GD52B3051-2,2,BA01A0101-1,糖粉,公斤,31.94,100,篩,
GD52B3051,GD52B3051-3,3,BA01A0103,葡萄糖,公斤,1.58,100,篩,
GD52B3051,GD52B3051-4,4,BA01A0105,紅糖,公斤,0.75,100,米篩,
GD52B3051,GD52B3051-5,5,BA01B0101-1,鹽-10%,公斤,2.67,100,篩,
GD52B3051,GD52B3051-6,6,BA01B0104-1,美香粉,公斤,3.18,100,篩,
GD52B3051,GD52B3051-7,7,FD52B3051,香料-台深-黑糖奶茶粉,公斤,5.5,100,細篩,
GD52B3051,GD52B3051-8,8,BA01B0301,二矽,公斤,1.18,100,細篩,
GD52B3051,GD52B3051-9,9,M001,1----------混合10分,一,,100,,
GD52B3051,GD52B3051-10,10,BA01A0308,智利紅茶粉-666淺色,公斤,1.09,100,篩,
GD52B3051,GD52B3051-11,11,BA01A0309,智利紅茶粉-668深色-冷溶,公斤,0.71,100,篩,
GD52B3051,GD52B3051-12,12,BA01A0201,奶精-A-SD7,公斤,28.86,100,,
GD52B3051,GD52B3051-13,13,M101,回鍋,公斤,,100,,
GD52B3051,GD52B3051-14,14,M002,2----------混合10分,一,,100,,
GD52B3051,GD52B3051-15,15,M003,#NAME?,一,,100,,
GD52B306291,GD52B306291-1,1,BA01A0102,細砂糖,公斤,12.49,100,篩,
GD52B306291,GD52B306291-2,2,BA01A0103,葡萄糖,公斤,18.71,100,篩,
GD52B306291,GD52B306291-3,3,BA01A0101-1,糖粉,公斤,19.09,100,篩,
GD52B306291,GD52B306291-4,4,BA01B0101-1,鹽-10%,公斤,3.98,100,篩,
GD52B306291,GD52B306291-5,5,FD52B306291-1,香料-1-台深-泰式奶茶調味粉,公斤,1.7,100,細篩,
GD52B306291,GD52B306291-6,6,M001,1----------混合10分,一,,100,,
GD52B306291,GD52B306291-7,7,FD52B306291-2,香料-2-台深-泰式奶茶調味粉,公斤,0.5,100,細篩,
GD52B306291,GD52B306291-8,8,BA01A0310,即溶綠茶粉-TCTG,公斤,0.41,100,混篩,
GD52B306291,GD52B306291-9,9,BA01A0309,智利紅茶粉-668深色-冷溶,公斤,3.21,100,混篩,
GD52B306291,GD52B306291-10,10,BA01B0301,二矽,公斤,0.34,100,混篩,
GD52B306291,GD52B306291-11,11,BA01A0201,奶精-A-SD7,公斤,39.57,100,,
GD52B306291,GD52B306291-12,12,M101,回鍋,公斤,,100,,
GD52B306291,GD52B306291-13,13,M002,2----------混合10分,一,,100,,
GD52B306291,GD52B306291-14,14,M003,#NAME?,一,,100,,
GD52B307291,GD52B307291-1,1,BA01A0102,細砂糖,公斤,9.11,100,篩,
GD52B307291,GD52B307291-2,2,BA01A0103,葡萄糖,公斤,29.26,100,篩,
GD52B307291,GD52B307291-3,3,BA01A0101-1,糖粉,公斤,21.98,100,篩,
GD52B307291,GD52B307291-4,4,BA01B0101-1,鹽-10%,公斤,2.29,100,篩,
GD52B307291,GD52B307291-5,5,FD52B307291,香料-台深-抹茶歐蕾調味粉,公斤,5,100,細篩,
GD52B307291,GD52B307291-6,6,BA01B0301,二矽,公斤,0.54,100,細篩,
GD52B307291,GD52B307291-7,7,M001,1----------混合10分,一,,100,,
GD52B307291,GD52B307291-8,8,BA01A0306,抹茶粉9603-1,公斤,2.53,100,篩,
GD52B307291,GD52B307291-9,9,BA01A0201,奶精-A-SD7,公斤,29.29,100,,
GD52B307291,GD52B307291-10,10,M101,回鍋,公斤,,100,,
GD52B307291,GD52B307291-11,11,M002,2----------混合10分,一,,100,,
GD52B307291,GD52B307291-12,12,M003,#NAME?,一,,100,,
GD52B307292,GD52B307292-1,1,BA01A0103,葡萄糖,公斤,59.08,100,篩,
GD52B307292,GD52B307292-2,2,BA01A0108,糊精-DE10,公斤,3.26,100,篩,
GD52B307292,GD52B307292-3,3,BA01B0101-1,鹽-10%,公斤,2.15,100,篩,
GD52B307292,GD52B307292-4,4,FD52B307292,香料-1-台深-抹茶歐蕾調味粉(美國),公斤,0.1,100,細篩,
GD52B307292,GD52B307292-5,5,FD52B307292-1,香料-2-台深-抹茶歐蕾調味粉(美國),公斤,2,100,細篩,
GD52B307292,GD52B307292-6,6,BA01B0301,二矽,公斤,0.31,100,細篩,
GD52B307292,GD52B307292-7,7,M001,1----------混合10分,一,,100,,
GD52B307292,GD52B307292-8,8,BA01A0310,即溶綠茶粉-TCTG,公斤,1.79,100,篩,
GD52B307292,GD52B307292-9,9,BA01A0306,抹茶粉9603-1,公斤,8.95,100,篩,
GD52B307292,GD52B307292-10,10,BA01A0201,奶精-A-SD7,公斤,22.36,100,,
GD52B307292,GD52B307292-11,11,M101,回鍋,公斤,,100,,
GD52B307292,GD52B307292-12,12,M002,2----------混合10分,一,,100,,
GD52B307292,GD52B307292-13,13,M003,#NAME?,一,,100,,
GD52C302291,GD52C302291-1,1,BA01A0103,葡萄糖,公斤,41.62,100,篩,
GD52C302291,GD52C302291-2,2,BA01B0101-1,鹽-10%,公斤,1.9,100,篩,
GD52C302291,GD52C302291-3,3,FD52C302291,香料-台深-椰子調味粉,公斤,1.2,100,細篩,
GD52C302291,GD52C302291-4,4,BA01B0301,二矽,公斤,0.57,100,細篩,
GD52C302291,GD52C302291-5,5,BA01A0605-2,椰漿粉-6008,公斤,13.84,100,篩,
GD52C302291,GD52C302291-6,6,M001,1----------混合10分,一,,100,,
GD52C302291,GD52C302291-7,7,BA01A0201,奶精-A-SD7,公斤,40.87,100,,
GD52C302291,GD52C302291-8,8,M101,回鍋,公斤,,100,,
GD52C302291,GD52C302291-9,9,M002,2----------混合10分,一,,100,,
GD52C302291,GD52C302291-10,10,M003,#NAME?,一,,100,,
GD52D2041,GD52D2041-1,1,BA01A0103,葡萄糖,公斤,46.16,100,篩,
GD52D2041,GD52D2041-2,2,BA01A0108,糊精-DE10,公斤,16.01,100,,
GD52D2041,GD52D2041-3,3,BA01B0101-1,鹽-10%,公斤,2.29,100,篩,
GD52D2041,GD52D2041-4,4,FD52D2041,香料-台深-香檳調味粉,公斤,10,100,細篩,
GD52D2041,GD52D2041-5,5,BA01B0301,二矽,公斤,0.77,100,細篩,
GD52D2041,GD52D2041-6,6,M001,1----------混合10分,一,,100,,
GD52D2041,GD52D2041-7,7,BA01A0201,奶精-A-SD7,公斤,24.77,100,,
GD52D2041,GD52D2041-8,8,M101,回鍋,公斤,,100,,
GD52D2041,GD52D2041-9,9,M002,2----------混合10分,一,,100,,
GD52D2041,GD52D2041-10,10,M003,#NAME?,一,,100,,
GD52D2051,GD52D2051-1,1,BA01A0102,細砂糖,公斤,36.27,100,篩,
GD52D2051,GD52D2051-2,2,BA01A0103,葡萄糖,公斤,33.22,100,篩,
GD52D2051,GD52D2051-3,3,BA01B0101-1,鹽-10%,公斤,2.3,100,篩,
GD52D2051,GD52D2051-4,4,FD52D2051-1,香料-1-台深-百香果粉B,公斤,8.4,100,細篩,
GD52D2051,GD52D2051-5,5,FD52D2051-2,香料-2-台深-百香果粉B,公斤,0.8,100,細篩,
GD52D2051,GD52D2051-6,6,BA01B0301,二矽,公斤,0.38,100,細篩,
GD52D2051,GD52D2051-7,7,M001,1----------混合10分,一,,100,,
GD52D2051,GD52D2051-8,8,DD52D2051,膠類-台深-百香果粉B,公斤,0.81,100,,
GD52D2051,GD52D2051-9,9,BA01B0303-4,無水檸檬酸 JUBU,公斤,0.26,100,篩,
GD52D2051,GD52D2051-10,10,BA01B0304,檸檬酸鈉,公斤,0.47,100,篩,
GD52D2051,GD52D2051-11,11,BA01A0201,奶精-A-SD7,公斤,17.09,100,,
GD52D2051,GD52D2051-12,12,M101,回鍋,公斤,,100,,
GD52D2051,GD52D2051-13,13,M002,2----------混合10分,一,,100,,
GD52D2051,GD52D2051-14,14,M003,#NAME?,一,,100,,
GD52D2071,GD52D2071-1,1,BA01A0101-1,糖粉,公斤,52.06,100,篩,
GD52D2071,GD52D2071-2,2,BA01A0103,葡萄糖,公斤,1.7,100,篩,
GD52D2071,GD52D2071-3,3,BA01B0101-1,鹽-10%,公斤,3.57,100,篩,
GD52D2071,GD52D2071-4,4,FD52D2071-1,香料-1-台深-美極斑蘭調味粉,公斤,4,100,細篩,
GD52D2071,GD52D2071-5,5,FD52D2071-2,香料-2-台深-美極斑蘭調味粉,公斤,3,100,細篩,
GD52D2071,GD52D2071-6,6,BA01B0301,二矽,公斤,1.07,100,細篩,
GD52D2071,GD52D2071-7,7,M001,1----------混合10分,一,,100,,
GD52D2071,GD52D2071-8,8,BA01A0201,奶精-A-SD7,公斤,34.6,100,,
GD52D2071,GD52D2071-9,9,M101,回鍋,公斤,,100,,
GD52D2071,GD52D2071-10,10,M002,2----------混合10分,一,,100,,
GD52D2071,GD52D2071-11,11,M003,#NAME?,一,,100,,
GD52D209112,GD52D209112-1,1,BA01A0103,葡萄糖,公斤,50.06,100,篩,
GD52D209112,GD52D209112-2,2,BA01A0101-1,糖粉,公斤,19.88,100,篩,
GD52D209112,GD52D209112-3,3,BA01B0101-1,鹽-10%,公斤,3.09,100,篩,
GD52D209112,GD52D209112-4,4,FD52D209112-1,香料-1-台深-西瓜調味粉,公斤,6,100,細篩,
GD52D209112,GD52D209112-5,5,FD52D209112-2,香料-2-台深-西瓜調味粉,公斤,5,100,細篩,
GD52D209112,GD52D209112-6,6,BA01B0301,二矽,公斤,0.81,100,細篩,
GD52D209112,GD52D209112-7,7,M001,1----------混合10分,一,,100,,
GD52D209112,GD52D209112-8,8,BA01A0201,奶精-A-SD7,公斤,15.16,100,,
GD52D209112,GD52D209112-9,9,M101,回鍋,公斤,,100,,
GD52D209112,GD52D209112-10,10,M002,2----------混合10分,一,,100,,
GD52D209112,GD52D209112-11,11,M003,#NAME?,一,,100,,
GD52D210292,GD52D210292-1,1,BA01A0101-1,糖粉,公斤,0.99,100,篩,
GD52D210292,GD52D210292-2,2,BA01A0103,葡萄糖,公斤,52.72,100,篩,
GD52D210292,GD52D210292-3,3,BA01A0108,糊精-DE10,公斤,1.49,100,篩,
GD52D210292,GD52D210292-4,4,FD52D210292,香料-1-台深-特上芋頭調味粉(美國),公斤,2.6,100,細篩,
GD52D210292,GD52D210292-5,5,FD52D210292-1,香料-2-台深-特上芋頭調味粉(美國),公斤,0.6,100,細篩,
GD52D210292,GD52D210292-6,6,FD52D210292-2,香料-3-台深-特上芋頭調味粉(美國),公斤,0.1,100,細篩,
GD52D210292,GD52D210292-7,7,BA01B0301,二矽,公斤,0.62,100,細篩,
GD52D210292,GD52D210292-8,8,M001,1----------混合10分,一,,100,,
GD52D210292,GD52D210292-9,9,DD52D210292,膠類-台深-特上芋頭調味粉(美國),公斤,0.5,100,,
GD52D210292,GD52D210292-10,10,BA01K0301,特級芋頭粉,公斤,9.26,100,篩,
GD52D210292,GD52D210292-11,11,BA01A0201,奶精-A-SD7,公斤,31.12,100,,
GD52D210292,GD52D210292-12,12,M101,回鍋,公斤,,100,,
GD52D210292,GD52D210292-13,13,M002,2----------混合10分,一,,100,,
GD52D210292,GD52D210292-14,14,M003,#NAME?,一,,100,,
GD59Z2011,GD59Z2011-1,1,BA01A0101-1,糖粉,公斤,48.96,100,篩,
GD59Z2011,GD59Z2011-2,2,BA01A0103,葡萄糖,公斤,1.29,100,篩,
GD59Z2011,GD59Z2011-3,3,BA01A0502,高脂可可-DP70,公斤,3.15,100,篩,
GD59Z2011,GD59Z2011-4,4,BA01A0504,中脂可可-DR79,公斤,10.33,100,篩,
GD59Z2011,GD59Z2011-5,5,BA01A0506,DKL921黑炭可可粉,公斤,2.96,100,篩,
GD59Z2011,GD59Z2011-6,6,BA01B0101-1,鹽-10%,公斤,6.88,100,篩,
GD59Z2011,GD59Z2011-7,7,FD59Z2011,香料-安中-Deluxe黑巧克力霜淇淋粉,公斤,3.51,100,細篩,
GD59Z2011,GD59Z2011-8,8,DD59Z2011,膠類-安中-Deluxe黑巧克力霜淇淋粉,公斤,1.72,100,,
GD59Z2011,GD59Z2011-9,9,BA01B0402,碳酸鈣,公斤,0.07,100,篩,
GD59Z2011,GD59Z2011-10,10,BA01B0104-1,美香粉,公斤,1.09,100,篩,
GD59Z2011,GD59Z2011-11,11,M001,1----------混合10分,一,,100,,
GD59Z2011,GD59Z2011-12,12,BA01A0201,奶精-A-SD7,公斤,20.04,100,,
GD59Z2011,GD59Z2011-13,13,M101,回鍋,公斤,,100,,
GD59Z2011,GD59Z2011-14,14,M002,2----------混合10分,一,,100,,
GD59Z2011,GD59Z2011-15,15,M003,#NAME?,一,,100,,
GD59Z2021,GD59Z2021-1,1,BA01A0101-1,糖粉,公斤,57.92,100,篩,
GD59Z2021,GD59Z2021-2,2,BA01B0103-1,蔗糖素-1%,公斤,1.47,100,篩,
GD59Z2021,GD59Z2021-3,3,BA01B0101,精鹽,公斤,0.36,100,篩,
GD59Z2021,GD59Z2021-4,4,FD59Z2021-1,香料-1-安中-Deluxe牛奶風味霜淇淋粉,公斤,0.14,100,細篩,
GD59Z2021,GD59Z2021-5,5,FD59Z2021-2,香料-2-安中-Deluxe牛奶風味霜淇淋粉,公斤,2.95,100,細篩,
GD59Z2021,GD59Z2021-6,6,FD59Z2021-3,香料-3-安中-Deluxe牛奶風味霜淇淋粉,公斤,1.05,100,細篩,
GD59Z2021,GD59Z2021-7,7,DD59Z2021,膠類-安中-Deluxe牛奶風味霜淇淋粉,公斤,2.98,100,,
GD59Z2021,GD59Z2021-8,8,BA01B0402,碳酸鈣,公斤,0.1,100,篩,
GD59Z2021,GD59Z2021-9,9,M001,1----------混合10分,一,,100,,
GD59Z2021,GD59Z2021-10,10,BA01A0201,奶精-A-SD7,公斤,33.03,100,,
GD59Z2021,GD59Z2021-11,11,M101,回鍋,公斤,,100,,
GD59Z2021,GD59Z2021-12,12,M002,2----------混合10分,一,,100,,
GD59Z2021,GD59Z2021-13,13,M003,#NAME?,一,,100,,
GD72B3011,GD72B3011-1,1,BA01A0103,葡萄糖,公斤,22.15,100,篩,
GD72B3011,GD72B3011-2,2,BA01A0101-1,糖粉,公斤,11.12,100,篩,
GD72B3011,GD72B3011-3,3,BA01A0108,糊精-DE10,公斤,2.22,100,篩,
GD72B3011,GD72B3011-4,4,BA01B0101-1,鹽-10%,公斤,7.12,100,篩,
GD72B3011,GD72B3011-5,5,FD72B3011-1,香料-1-老虎堂-紅茶拿鐵,公斤,1,100,細篩,
GD72B3011,GD72B3011-6,6,FD72B3011-2,香料-2-老虎堂-紅茶拿鐵,公斤,1.6,100,細篩,
GD72B3011,GD72B3011-7,7,BA01B0301,二矽,公斤,0.54,100,混篩,
GD72B3011,GD72B3011-8,8,M001,1----------混合10分,一,,100,,
GD72B3011,GD72B3011-9,9,FD72B3011-3,香料-3-老虎堂-紅茶拿鐵,公斤,0.7,100,細篩,
GD72B3011,GD72B3011-10,10,BA01A0308,智利紅茶粉-666淺色,公斤,1.8,100,篩,
GD72B3011,GD72B3011-11,11,BA01A0309,智利紅茶粉-668深色-冷溶,公斤,1.26,100,篩,
GD72B3011,GD72B3011-12,12,DD72B3011,膠類-老虎堂-紅茶拿鐵,公斤,0.29,100,,
GD72B3011,GD72B3011-13,13,BA01A0201,奶精-A-SD7,公斤,50.2,100,,
GD72B3011,GD72B3011-14,14,M101,回鍋,公斤,,100,,
GD72B3011,GD72B3011-15,15,M002,2----------混合10分,一,,100,,
GD72B3011,GD72B3011-16,16,M003,#NAME?,一,,100,,
GD72D1011,GD72D1011-1,1,BA01A0103,葡萄糖,公斤,4.44,100,篩,
GD72D1011,GD72D1011-2,2,BA01B0101-1,鹽-10%,公斤,0.89,100,篩,
GD72D1011,GD72D1011-3,3,BA01A0251,奶精-SD846,公斤,31.77,100,,
GD72D1011,GD72D1011-4,4,BA01A0202,奶精-B-SD20,公斤,62.9,100,,
GD72D1011,GD72D1011-5,5,M101,回鍋,公斤,,100,,
GD72D1011,GD72D1011-6,6,M001,1----------混合10分,一,,100,,
GD72D1011,GD72D1011-7,7,M003,#NAME?,一,,100,,
GD72M3011,GD72M3011-1,1,BA01A0101-1,糖粉,公斤,32.93,100,篩,
GD72M3011,GD72M3011-2,2,BA01B0103-1,蔗糖素-1%,公斤,3.07,100,篩,
GD72M3011,GD72M3011-3,3,BA01B0101-1,鹽-10%,公斤,2.03,100,篩,
GD72M3011,GD72M3011-4,4,BA01B0101,精鹽,公斤,12.04,100,篩,
GD72M3011,GD72M3011-5,5,BA01A0709,精緻梅子粉,公斤,45.92,100,篩,
GD72M3011,GD72M3011-6,6,BA01B0104-2,乙基麥芽醇(AJ),公斤,0.44,100,篩,
GD72M3011,GD72M3011-7,7,BA01B0303-2,DL-蘋果酸,公斤,3.57,100,篩,
GD72M3011,GD72M3011-8,8,M101,回鍋,公斤,,100,,
GD72M3011,GD72M3011-9,9,M006,1----------混合15分,一,,100,,
GD72M3011,GD72M3011-10,10,M003,#NAME?,一,,100,,
GD75B6011,GD75B6011-1,1,BA01A0101-1,糖粉,公斤,62.61,100,篩,
GD75B6011,GD75B6011-2,2,BA01A0103,葡萄糖,公斤,1.34,100,篩,
GD75B6011,GD75B6011-3,3,BA01B0103-1,蔗糖素-1%,公斤,3.27,100,篩,
GD75B6011,GD75B6011-4,4,BA01B0101-1,鹽-10%,公斤,1.79,100,篩,
GD75B6011,GD75B6011-5,5,FD75B6011-1,香料-1-歐比特-紅茶拿鐵,公斤,1.6,100,細篩,
GD75B6011,GD75B6011-6,6,FD75B6011-2,香料-2-歐比特-紅茶拿鐵,公斤,0.16,100,細篩,
GD75B6011,GD75B6011-7,7,M001,1----------混合10分,一,,100,,
GD75B6011,GD75B6011-8,8,BA01A0308-3,紅茶粉-SM-3608-雀巢,公斤,1.91,100,混篩,
GD75B6011,GD75B6011-9,9,BA01A0309,智利紅茶粉-668深色-冷溶,公斤,2.66,100,混篩,
GD75B6011,GD75B6011-10,10,BA01B0301,二矽,公斤,0.55,100,混篩,
GD75B6011,GD75B6011-11,11,BA01A0201,奶精-A-SD7,公斤,24.11,100,,
GD75B6011,GD75B6011-12,12,M101,回鍋,公斤,,100,,
GD75B6011,GD75B6011-13,13,M002,2----------混合10分,一,,100,,
GD75B6011,GD75B6011-14,14,M003,#NAME?,一,,100,,
GD75B6042,GD75B6042-1,1,BA01A0101-1,糖粉,公斤,61.07,100,篩,
GD75B6042,GD75B6042-2,2,BA01A0103,葡萄糖,公斤,1.14,100,篩,
GD75B6042,GD75B6042-3,3,BA01B0103-1,蔗糖素-1%,公斤,1.6,100,篩,
GD75B6042,GD75B6042-4,4,BA01B0101-1,鹽-10%,公斤,1.89,100,篩,
GD75B6042,GD75B6042-5,5,BA01B0104-1,美香粉,公斤,0.41,100,篩,
GD75B6042,GD75B6042-6,6,FD75B6042,香料-歐比特-抹茶拿鐵JB,公斤,1.2,100,細篩,
GD75B6042,GD75B6042-7,7,BA01B0301,二矽,公斤,0.19,100,細篩,
GD75B6042,GD75B6042-8,8,M001,1----------混合10分,一,,100,,
GD75B6042,GD75B6042-9,9,BA01A0306,抹茶粉9603-1,公斤,4.15,100,,
GD75B6042,GD75B6042-10,10,DD75B6042,膠類-歐比特-抹茶拿鐵JB,公斤,0.97,100,,
GD75B6042,GD75B6042-11,11,BA01A0201,奶精-A-SD7,公斤,27.38,100,,
GD75B6042,GD75B6042-12,12,M101,回鍋,公斤,,100,,
GD75B6042,GD75B6042-13,13,M002,2----------混合10分,一,,100,,
GD75B6042,GD75B6042-14,14,M003,#NAME?,一,,100,,
GD75B6052,GD75B6052-1,1,BA01A0101-1,糖粉,公斤,67.89,100,篩,
GD75B6052,GD75B6052-2,2,BA01A0103,葡萄糖,公斤,1.44,100,篩,
GD75B6052,GD75B6052-3,3,BA01B0103-1,蔗糖素-1%,公斤,0.75,100,篩,
GD75B6052,GD75B6052-4,4,BA01B0101-1,鹽-10%,公斤,1.45,100,篩,
GD75B6052,GD75B6052-5,5,FD75B6052-1,香料-1-歐比特-芋頭拿鐵JB,公斤,4.32,100,細篩,
GD75B6052,GD75B6052-6,6,FD75B6052-2,香料-2-歐比特-芋頭拿鐵JB,公斤,0.28,100,細篩,
GD75B6052,GD75B6052-7,7,FD75B6052-3,香料-3-歐比特-芋頭拿鐵JB,公斤,1.2,100,細篩,
GD75B6052,GD75B6052-8,8,BA01B0301,二矽,公斤,0.46,100,細篩,
GD75B6052,GD75B6052-9,9,M001,1----------混合10分,一,,100,,
GD75B6052,GD75B6052-10,10,BA01K0301,特級芋頭粉,公斤,2.21,100,,
GD75B6052,GD75B6052-11,11,FD75B6052-4,香料-4-歐比特-芋頭拿鐵JB,公斤,0.28,100,,
GD75B6052,GD75B6052-12,12,DD75B6052,膠類-歐比特-芋頭拿鐵JB,公斤,1.26,100,,
GD75B6052,GD75B6052-13,13,BA01A0201,奶精-A-SD7,公斤,18.46,100,,
GD75B6052,GD75B6052-14,14,M101,回鍋,公斤,,100,,
GD75B6052,GD75B6052-15,15,M002,2----------混合10分,一,,100,,
GD75B6052,GD75B6052-16,16,M003,#NAME?,一,,100,,
GD75B6061,GD75B6061-1,1,BA01A0102,細砂糖,公斤,10.45,100,篩,
GD75B6061,GD75B6061-2,2,BA01A0101-1,糖粉,公斤,65.71,100,篩,
GD75B6061,GD75B6061-3,3,BA01A0103,葡萄糖,公斤,0.51,100,篩,
GD75B6061,GD75B6061-4,4,BA01B0103-1,蔗糖素-1%,公斤,4.49,100,篩,
GD75B6061,GD75B6061-5,5,BA01B0101-1,鹽-10%,公斤,2.78,100,篩,
GD75B6061,GD75B6061-6,6,BA01B0104-1,美香粉,公斤,0.22,100,篩,
GD75B6061,GD75B6061-7,7,FD75B6061,香料-歐比特-黑糖奶茶,公斤,1.5,100,細篩,
GD75B6061,GD75B6061-8,8,BA01B0301,二矽,公斤,0.5,100,細篩,
GD75B6061,GD75B6061-9,9,M001,1----------混合10分,一,,100,,
GD75B6061,GD75B6061-10,10,BA01A0309,智利紅茶粉-668深色-冷溶,公斤,0.87,100,篩,
GD75B6061,GD75B6061-11,11,BA01A0201,奶精-A-SD7,公斤,12.97,100,,
GD75B6061,GD75B6061-12,12,M101,回鍋,公斤,,100,,
GD75B6061,GD75B6061-13,13,M002,2----------混合10分,一,,100,,
GD75B6061,GD75B6061-14,14,M003,#NAME?,一,,100,,
GD75B6071,GD75B6071-1,1,BA01A0102,細砂糖,公斤,9.02,100,篩,
GD75B6071,GD75B6071-2,2,BA01A0101-1,糖粉,公斤,69.72,100,篩,
GD75B6071,GD75B6071-3,3,BA01A0103,葡萄糖,公斤,0.69,100,篩,
GD75B6071,GD75B6071-4,4,BA01B0103-1,蔗糖素-1%,公斤,2.75,100,篩,
GD75B6071,GD75B6071-5,5,BA01B0101-1,鹽-10%,公斤,2.22,100,篩,
GD75B6071,GD75B6071-6,6,FD75B6071,香料-歐比特-紅茶奶茶,公斤,0.9,100,細篩,
GD75B6071,GD75B6071-7,7,BA01B0301,二矽,公斤,0.65,100,細篩,
GD75B6071,GD75B6071-8,8,M001,1----------混合10分,一,,100,,
GD75B6071,GD75B6071-9,9,BA01A0309,智利紅茶粉-668深色-冷溶,公斤,1.39,100,篩,
GD75B6071,GD75B6071-10,10,BA01A0201,奶精-A-SD7,公斤,12.66,100,,
GD75B6071,GD75B6071-11,11,M101,回鍋,公斤,,100,,
GD75B6071,GD75B6071-12,12,M002,2----------混合10分,一,,100,,
GD75B6071,GD75B6071-13,13,M003,#NAME?,一,,100,,
GD75B6081,GD75B6081-1,1,BA01A0102,細砂糖,公斤,16.97,100,篩,
GD75B6081,GD75B6081-2,2,BA01A0101-1,糖粉,公斤,55.45,100,篩,
GD75B6081,GD75B6081-3,3,BA01A0103,葡萄糖,公斤,0.98,100,篩,
GD75B6081,GD75B6081-4,4,BA01B0103-1,蔗糖素-1%,公斤,0.96,100,篩,
GD75B6081,GD75B6081-5,5,BA01B0101-1,鹽-10%,公斤,1.97,100,篩,
GD75B6081,GD75B6081-6,6,BA01B0104-1,美香粉,公斤,0.31,100,篩,
GD75B6081,GD75B6081-7,7,FD75B6081,香料-歐比特-抹茶奶茶,公斤,1,100,細篩,
GD75B6081,GD75B6081-8,8,BA01B0301,二矽,公斤,0.21,100,細篩,
GD75B6081,GD75B6081-9,9,M001,1----------混合10分,一,,100,,
GD75B6081,GD75B6081-10,10,DD75B6081,膠類-歐比特-抹茶奶茶,公斤,0.33,100,,
GD75B6081,GD75B6081-11,11,BA01A0306,抹茶粉9603-1,公斤,2.51,100,,
GD75B6081,GD75B6081-12,12,BA01A0201,奶精-A-SD7,公斤,19.31,100,,
GD75B6081,GD75B6081-13,13,M101,回鍋,公斤,,100,,
GD75B6081,GD75B6081-14,14,M002,2----------混合10分,一,,100,,
GD75B6081,GD75B6081-15,15,M003,#NAME?,一,,100,,
GD83D1011,GD83D1011-1,1,BA01A0103,葡萄糖,公斤,1.98,100,篩,
GD83D1011,GD83D1011-2,2,BA01B0101-1,鹽-10%,公斤,2.82,100,篩,
GD83D1011,GD83D1011-3,3,BA01A0251,奶精-SD846,公斤,29.27,100,,
GD83D1011,GD83D1011-4,4,BA01A0202,奶精-B-SD20,公斤,65.93,100,,
GD83D1011,GD83D1011-5,5,M101,回鍋,公斤,,100,,
GD83D1011,GD83D1011-6,6,M006,1----------混合15分,一,,100,,
GD83D1011,GD83D1011-7,7,M003,#NAME?,一,,100,,
GD83D3011,GD83D3011-1,1,BA01A0103,葡萄糖,公斤,6.65,100,篩,
GD83D3011,GD83D3011-2,2,BA01B0101-1,鹽-10%,公斤,2.72,100,篩,
GD83D3011,GD83D3011-3,3,BA01A0108,糊精-DE10,公斤,1.91,100,,
GD83D3011,GD83D3011-4,4,BA01A0601-2,全脂奶粉-紐西蘭111243,公斤,3.84,100,,
GD83D3011,GD83D3011-5,5,BA01B0301,二矽,公斤,0.66,100,細篩,
GD83D3011,GD83D3011-6,6,DD83D3011,膠類-皇品-咖啡專用奶泡粉,公斤,0.28,100,,
GD83D3011,GD83D3011-7,7,BA01A0202,奶精-B-SD20,公斤,83.94,100,,
GD83D3011,GD83D3011-8,8,M101,回鍋,公斤,,100,,
GD83D3011,GD83D3011-9,9,M006,1----------混合15分,一,,100,,
GD83D3011,GD83D3011-10,10,M003,#NAME?,一,,100,,
GD83Z2011,GD83Z2011-1,1,BA01A0101-1,糖粉,公斤,36.07,100,篩,
GD83Z2011,GD83Z2011-2,2,BA01A0103,葡萄糖,公斤,34.6,100,篩,
GD83Z2011,GD83Z2011-3,3,BA01B0101,精鹽,公斤,0.34,100,篩,
GD83Z2011,GD83Z2011-4,4,BA01B0402,碳酸鈣,公斤,0.13,100,篩,
GD83Z2011,GD83Z2011-5,5,FD83Z2011-1,香料-1-皇品-香草霜淇淋粉,公斤,0.2,100,細篩,
GD83Z2011,GD83Z2011-6,6,FD83Z2011-2,香料-2-皇品-香草霜淇淋粉,公斤,0.36,100,細篩,
GD83Z2011,GD83Z2011-7,7,BA01B0301,二矽,公斤,0.24,100,細篩,
GD83Z2011,GD83Z2011-8,8,M001,1----------混合10分,一,,100,,
GD83Z2011,GD83Z2011-9,9,FD83Z2011-3,香料-3-皇品-香草霜淇淋粉,公斤,1.2,100,細篩,
GD83Z2011,GD83Z2011-10,10,DD83Z2011,膠類-皇品-香草霜淇淋粉,公斤,3.92,100,,
GD83Z2011,GD83Z2011-11,11,BA01A0201,奶精-A-SD7,公斤,22.94,100,,
GD83Z2011,GD83Z2011-12,12,M101,回鍋,公斤,,100,,
GD83Z2011,GD83Z2011-13,13,M002,2----------混合10分,一,,100,,
GD83Z2011,GD83Z2011-14,14,M003,#NAME?,一,,100,,
GD83Z2021,GD83Z2021-1,1,BA01A0103,葡萄糖,公斤,66.92,100,篩,
GD83Z2021,GD83Z2021-2,2,BA01B0101-1,鹽-10%,公斤,5.6,100,篩,
GD83Z2021,GD83Z2021-3,3,BA01B0402,碳酸鈣,公斤,0.08,100,篩,
GD83Z2021,GD83Z2021-4,4,FD83Z2021,香料-皇品-巧克力霜淇淋粉,公斤,1.75,100,細篩,
GD83Z2021,GD83Z2021-5,5,BA01B0301,二矽,公斤,0.19,100,細篩,
GD83Z2021,GD83Z2021-6,6,M001,1----------混合10分,一,,100,,
GD83Z2021,GD83Z2021-7,7,DD83Z2021,膠類-皇品-巧克力霜淇淋粉,公斤,2.11,100,,
GD83Z2021,GD83Z2021-8,8,BA01A0506,DKL921黑炭可可粉,公斤,1.01,100,篩,
GD83Z2021,GD83Z2021-9,9,BA01A0502,高脂可可-DP70,公斤,1.03,100,篩,
GD83Z2021,GD83Z2021-10,10,BA01A0504,中脂可可-DR79,公斤,2.55,100,篩,
GD83Z2021,GD83Z2021-11,11,BA01A0201,奶精-A-SD7,公斤,18.76,100,,
GD83Z2021,GD83Z2021-12,12,M101,回鍋,公斤,,100,,
GD83Z2021,GD83Z2021-13,13,M002,2----------混合10分,一,,100,,
GD83Z2021,GD83Z2021-14,14,M003,#NAME?,一,,100,,
GD83Z2031,GD83Z2031-1,1,BA01A0102,細砂糖,公斤,12.01,100,篩,
GD83Z2031,GD83Z2031-2,2,BA01A0103,葡萄糖,公斤,56.98,100,篩,
GD83Z2031,GD83Z2031-3,3,BA01B0101-1,鹽-10%,公斤,3.15,100,篩,
GD83Z2031,GD83Z2031-4,4,FD83Z2031,香料-皇品-焙茶奶茶霜淇淋粉,公斤,0.3,100,細篩,
GD83Z2031,GD83Z2031-5,5,BA01B0301,二矽,公斤,0.22,100,細篩,
GD83Z2031,GD83Z2031-6,6,M001,1----------混合10分,一,,100,,
GD83Z2031,GD83Z2031-7,7,BA01A0313,焙茶粉,公斤,1.21,100,篩,
GD83Z2031,GD83Z2031-8,8,DD83Z2031,膠類-皇品-焙茶奶茶霜淇淋粉,公斤,3.34,100,,
GD83Z2031,GD83Z2031-9,9,BA01A0201,奶精-A-SD7,公斤,22.79,100,,
GD83Z2031,GD83Z2031-10,10,M101,回鍋,公斤,,100,,
GD83Z2031,GD83Z2031-11,11,M002,2----------混合10分,一,,100,,
GD83Z2031,GD83Z2031-12,12,M003,#NAME?,一,,100,,
GD83Z2041,GD83Z2041-1,1,BA01A0102,細砂糖,公斤,13.29,100,篩,
GD83Z2041,GD83Z2041-2,2,BA01A0103,葡萄糖,公斤,38.96,100,篩,
GD83Z2041,GD83Z2041-3,3,BA01A0101-1,糖粉,公斤,14.43,100,篩,
GD83Z2041,GD83Z2041-4,4,BA01B0101-1,鹽-10%,公斤,7.92,100,篩,
GD83Z2041,GD83Z2041-5,5,FD83Z2041,香料-皇品-玫瑰荔枝霜淇淋粉,公斤,3.2,100,細篩,
GD83Z2041,GD83Z2041-6,6,FD83Z2041-1,香料1-皇品-玫瑰荔枝霜淇淋粉,公斤,0.4,100,細篩,
GD83Z2041,GD83Z2041-7,7,BA01B0301,二矽,公斤,0.48,100,細篩,
GD83Z2041,GD83Z2041-8,8,M001,1----------混合10分,一,,100,,
GD83Z2041,GD83Z2041-9,9,DD83Z2041,膠類-皇品-瑰荔枝霜淇淋粉,公斤,2.81,100,,
GD83Z2041,GD83Z2041-10,10,BA01A0201,奶精-A-SD7,公斤,18.51,100,,
GD83Z2041,GD83Z2041-11,11,M101,回鍋,公斤,,100,,
GD83Z2041,GD83Z2041-12,12,M002,2----------混合10分,一,,100,,
GD83Z2041,GD83Z2041-13,13,M003,#NAME?,一,,100,,
GD85D10062,GD85D10062-1,1,BA01A0103,葡萄糖,公斤,1.89,100,篩,
GD85D10062,GD85D10062-2,2,BA01B0101-1,鹽-10%,公斤,1.87,100,篩,
GD85D10062,GD85D10062-3,3,BA01A0201,奶精-A-SD7,公斤,27.82,100,,
GD85D10062,GD85D10062-4,4,BA01A0202,奶精-B-SD20,公斤,68.42,100,,
GD85D10062,GD85D10062-5,5,M101,回鍋,公斤,,100,,
GD85D10062,GD85D10062-6,6,M001,1----------混合10分,一,,100,,
GD85D10062,GD85D10062-7,7,M003,#NAME?,一,,100,,
GD87B3011,GD87B3011-1,1,BA01A0103,葡萄糖,公斤,35.82,100,篩,
GD87B3011,GD87B3011-2,2,BA01A0102,細砂糖,公斤,5.14,100,篩,
GD87B3011,GD87B3011-3,3,BA01B0101-1,鹽-10%,公斤,3.89,100,篩,
GD87B3011,GD87B3011-4,4,FD87B3011-1,香料-1-珍煮丹-珍煮丹泰式奶茶粉,公斤,0.34,100,細篩,
GD87B3011,GD87B3011-5,5,BA01B0301,二矽,公斤,0.19,100,細篩,
GD87B3011,GD87B3011-6,6,M001,1----------混合10分,一,,100,,
GD87B3011,GD87B3011-7,7,FD87B3011-2,香料-2-珍煮丹-珍煮丹泰式奶茶粉,公斤,0.58,100,細篩,
GD87B3011,GD87B3011-8,8,BA01A0310,即溶綠茶粉-TCTG,公斤,0.53,100,混篩,
GD87B3011,GD87B3011-9,9,BA01A0309,智利紅茶粉-668深色-冷溶,公斤,2.62,100,混篩,
GD87B3011,GD87B3011-10,10,BA01B0301-1,二矽-1,公斤,0.76,100,混篩,
GD87B3011,GD87B3011-11,11,BA01A0201,奶精-A-SD7,公斤,50.13,100,,
GD87B3011,GD87B3011-12,12,M101,回鍋,公斤,,100,,
GD87B3011,GD87B3011-13,13,M002,2----------混合10分,一,,100,,
GD87B3011,GD87B3011-14,14,M003,#NAME?,一,,100,,
GD87B301128,GD87B301128-1,1,BA01A0103,葡萄糖,公斤,40.82,100,篩,
GD87B301128,GD87B301128-2,2,BA01A0101-1,糖粉,公斤,21.77,100,篩,
GD87B301128,GD87B301128-3,3,BA01B0101-1,鹽-10%,公斤,3.12,100,篩,
GD87B301128,GD87B301128-4,4,FD87B301128-1,香料-1-珍煮丹-泰式奶茶粉(素),公斤,1.3,100,細篩,
GD87B301128,GD87B301128-5,5,BA01B0301,二矽,公斤,0.25,100,細篩,
GD87B301128,GD87B301128-6,6,M001,1----------混合10分,一,,100,,
GD87B301128,GD87B301128-7,7,FD87B301128-2,香料-2-珍煮丹-泰式奶茶粉(素),公斤,0.25,100,細篩,
GD87B301128,GD87B301128-8,8,BA01A0310,即溶綠茶粉-TCTG,公斤,0.3,100,篩,
GD87B301128,GD87B301128-9,9,BA01A0309,智利紅茶粉-668深色-冷溶,公斤,2.87,100,篩,
GD87B301128,GD87B301128-10,10,BA01A0217,素奶精-VC35,公斤,29.32,100,,
GD87B301128,GD87B301128-11,11,M101,回鍋,公斤,,100,,
GD87B301128,GD87B301128-12,12,M002,2----------混合10分,一,,100,,
GD87B301128,GD87B301128-13,13,M003,#NAME?,一,,100,,
GD91C3011,GD91C3011-1,1,BA01A0101-1,糖粉,公斤,36.59,100,篩,
GD91C3011,GD91C3011-2,2,BA01B0103-1,蔗糖素-1%,公斤,4.47,100,篩,
GD91C3011,GD91C3011-3,3,BA01B0101-1,鹽-10%,公斤,5.44,100,篩,
GD91C3011,GD91C3011-4,4,FD91C3011-1,香料-1-柏元-太妃糖風味粉,公斤,11.9,100,細篩,
GD91C3011,GD91C3011-5,5,FD91C3011-2,香料-2-柏元-太妃糖風味粉,公斤,3.6,100,細篩,
GD91C3011,GD91C3011-6,6,BA01B0301,二矽,公斤,0.61,100,細篩,
GD91C3011,GD91C3011-7,7,M001,1----------混合10分,一,,100,,
GD91C3011,GD91C3011-8,8,BA01A0601-3,四葉北海道全脂奶粉,公斤,0.98,100,,
GD91C3011,GD91C3011-9,9,BA01A0201,奶精-A-SD7,公斤,36.41,100,,
GD91C3011,GD91C3011-10,10,M101,回鍋,公斤,,100,,
GD91C3011,GD91C3011-11,11,M002,2----------混合10分,一,,100,,
GD91C3011,GD91C3011-12,12,M003,#NAME?,一,,100,,
GD91C3021,GD91C3021-1,1,BA01A0102,細砂糖,公斤,7.14,100,篩,
GD91C3021,GD91C3021-2,2,BA01A0103,葡萄糖,公斤,41.09,100,篩,
GD91C3021,GD91C3021-3,3,BA01B0101-1,鹽-10%,公斤,4.6,100,篩,
GD91C3021,GD91C3021-4,4,FD91C3021,香料-柏元-開心果風味粉,公斤,0.1,100,細篩,
GD91C3021,GD91C3021-5,5,FD91C3021-1,香料1-柏元-開心果風味粉,公斤,6.5,100,細篩,
GD91C3021,GD91C3021-6,6,BA01B0104-1,美香粉,公斤,0.54,100,篩,
GD91C3021,GD91C3021-7,7,BA01H0204-3,黃豆粉-佳,公斤,2.74,100,,
GD91C3021,GD91C3021-8,8,BA01B0301,二矽,公斤,0.28,100,細篩,
GD91C3021,GD91C3021-9,9,M004,1----------混合5分,一,,100,,
GD91C3021,GD91C3021-10,10,BA01A0701,麥芽精,公斤,0.89,100,手篩,
GD91C3021,GD91C3021-11,11,BA01B0301-1,二矽-1,公斤,0.17,100,手篩,
GD91C3021,GD91C3021-12,12,M005,2----------混合5分,一,,100,,
GD91C3021,GD91C3021-13,13,DD91C3021,膠類-柏元-開心果風味粉,公斤,0.39,100,,
GD91C3021,GD91C3021-14,14,BA01A0202,奶精-B-SD20,公斤,33.21,100,,
GD91C3021,GD91C3021-15,15,M002,2----------混合10分,一,,100,,
GD91C3021,GD91C3021-16,16,M003-1,#NAME?,一,,100,,
GD91C3021,GD91C3021-17,17,BA01H0122-1,開心果角,公斤,2.35,100,,
GD91C3021,GD91C3021-18,18,M101,回鍋,公斤,,100,,
GD91C3021,GD91C3021-19,19,M007,1----------混合3分,一,,100,,
